Date, Incidents
1972-2-22,1
1975-1-2,1
1976-5-26,1
1977-9-28,1
1979-1-13,1
1979-1-14,1
1979-12-12,1
1979-12-20,1
1979-12-5,1
1979-4-26,1
1979-6-14,1
1979-7-1,1
1979-7-2,2
1979-8-19,1
1979-8-20,1
1979-8-25,1
1979-8-26,1
1979-8-27,2
1979-8-29,1
1979-8-8,1
1979-9-22,1
1979-9-8,1
1980-1-1,1
1980-1-9,1
1980-11-8,1
1980-12-13,1
1980-12-19,1
1980-3-21,2
1980-4-25,1
1980-4-4,1
1980-8-27,1
1981-1-15,1
1981-1-28,1
1981-10-16,1
1981-11-29,1
1981-2-13,1
1981-3-18,1
1981-4-27,1
1981-4-5,1
1981-4-6,1
1981-6-14,1
1981-7-24,1
1981-8-15,2
1981-9-1,1
1981-9-15,1
1981-9-29,1
1982-10-25,1
1982-10-26,1
1982-11-18,1
1982-12-10,1
1982-2-19,1
1982-6-14,1
1982-6-15,1
1982-6-20,1
1982-6-4,1
1982-6-9,1
1982-8-20,1
1982-8-26,1
1983-1-31,1
1983-10-13,2
1983-10-14,2
1983-10-15,1
1983-10-17,4
1983-10-25,1
1983-11-15,1
1983-11-18,1
1983-11-19,1
1983-11-28,1
1983-11-7,2
1983-12-20,1
1983-2-11,1
1983-2-15,2
1983-2-3,2
1983-3-15,2
1983-3-21,3
1983-3-30,3
1983-3-8,2
1983-4-25,1
1983-4-7,1
1983-4-8,1
1983-4-9,2
1983-6-26,1
1983-6-27,1
1983-8-15,1
1983-9-21,4
1983-9-23,1
1983-9-26,1
1984-10-25,1
1984-10-31,1
1984-10-4,1
1984-11-27,1
1984-12-8,2
1984-2-1,1
1984-2-15,1
1984-2-16,2
1984-2-20,3
1984-2-21,2
1984-2-26,2
1984-2-29,1
1984-2-7,1
1984-3-15,1
1984-3-23,2
1984-3-25,1
1984-3-28,3
1984-3-30,3
1984-4-1,1
1984-4-11,6
1984-4-12,1
1984-4-14,2
1984-4-15,38
1984-4-16,3
1984-4-17,2
1984-4-19,2
1984-4-2,1
1984-4-21,2
1984-4-22,2
1984-4-23,2
1984-4-24,2
1984-4-26,2
1984-4-3,1
1984-4-30,1
1984-4-4,1
1984-4-5,1
1984-4-7,1
1984-4-8,4
1984-5-1,1
1984-5-10,1
1984-5-12,1
1984-5-13,1
1984-5-14,2
1984-5-18,3
1984-5-2,1
1984-5-20,2
1984-5-21,3
1984-5-22,1
1984-5-23,1
1984-5-25,1
1984-5-29,3
1984-5-30,3
1984-5-5,1
1984-5-6,1
1984-5-7,1
1984-6-1,1
1984-6-15,2
1984-6-16,1
1984-6-2,4
1984-6-21,1
1984-6-24,5
1984-6-27,1
1984-7-21,2
1984-7-5,1
1984-8-10,1
1984-8-2,1
1984-8-24,1
1984-8-8,1
1984-9-12,2
1984-9-5,1
1985-10-21,1
1985-10-29,1
1985-11-11,1
1985-11-22,1
1985-11-27,1
1985-11-28,1
1985-11-8,2
1985-2-3,1
1985-2-5,3
1985-3-24,2
1985-4-19,1
1985-4-30,1
1985-4-8,1
1985-5-10,3
1985-5-11,2
1985-5-16,1
1985-5-6,1
1985-5-7,1
1985-6-20,1
1985-6-22,1
1985-6-28,2
1985-6-4,3
1985-7-30,1
1985-8-17,1
1985-8-20,1
1985-9-22,1
1985-9-23,1
1985-9-4,1
1985-9-8,1
1986-1-11,1
1986-1-29,1
1986-1-6,3
1986-10-16,1
1986-10-18,1
1986-10-19,1
1986-10-2,1
1986-10-20,1
1986-10-26,1
1986-10-28,1
1986-10-29,2
1986-10-7,1
1986-11-13,1
1986-11-19,1
1986-11-20,1
1986-11-25,1
1986-11-6,1
1986-12-1,2
1986-12-11,2
1986-12-15,1
1986-12-2,1
1986-12-20,1
1986-12-24,1
1986-12-25,2
1986-12-26,1
1986-12-27,2
1986-12-28,2
1986-12-30,1
1986-12-31,1
1986-12-4,1
1986-12-5,2
1986-2-17,1
1986-2-19,1
1986-2-6,1
1986-2-8,2
1986-3-15,1
1986-3-19,1
1986-3-20,1
1986-3-24,1
1986-3-25,1
1986-3-26,3
1986-3-27,2
1986-3-28,1
1986-3-29,2
1986-3-6,2
1986-4-10,1
1986-4-17,1
1986-4-22,1
1986-4-28,1
1986-4-5,2
1986-5-29,1
1986-5-30,1
1986-5-6,1
1986-6-2,1
1986-6-20,3
1986-6-4,1
1986-6-5,1
1986-6-6,4
1986-6-8,3
1986-7-1,1
1986-7-15,1
1986-7-25,1
1986-7-27,1
1986-7-3,1
1986-7-30,1
1986-8-29,1
1986-8-6,1
1986-9-1,1
1986-9-21,1
1986-9-24,1
1986-9-25,1
1986-9-29,2
1987-1-1,1
1987-1-12,3
1987-1-15,2
1987-1-17,1
1987-1-19,1
1987-1-2,1
1987-1-25,1
1987-1-3,1
1987-1-31,1
1987-1-4,1
1987-1-7,1
1987-1-8,6
1987-1-9,1
1987-10-14,2
1987-10-15,2
1987-10-17,2
1987-10-18,1
1987-10-2,1
1987-10-20,4
1987-10-25,2
1987-10-7,8
1987-11-1,2
1987-11-15,1
1987-11-17,2
1987-12-10,1
1987-12-12,1
1987-12-14,1
1987-12-16,2
1987-12-18,1
1987-12-23,1
1987-12-27,2
1987-12-31,2
1987-12-7,1
1987-2-10,1
1987-2-16,1
1987-2-18,1
1987-2-28,1
1987-2-7,1
1987-2-9,1
1987-3-15,1
1987-3-3,2
1987-3-9,1
1987-4-15,1
1987-4-17,1
1987-4-27,1
1987-4-7,1
1987-5-20,1
1987-6-12,1
1987-6-13,5
1987-6-14,3
1987-6-2,1
1987-6-20,9
1987-6-23,11
1987-6-24,1
1987-6-3,2
1987-6-4,1
1987-6-6,2
1987-7-1,1
1987-7-13,1
1987-7-15,2
1987-7-16,4
1987-7-25,1
1987-7-29,5
1987-7-30,3
1987-7-6,1
1987-7-7,1
1987-7-9,1
1987-8-14,1
1987-8-18,1
1987-8-19,3
1987-8-24,4
1987-8-26,1
1987-8-29,1
1987-8-30,1
1987-8-6,2
1987-8-7,2
1987-8-9,4
1987-9-16,1
1987-9-17,1
1987-9-18,4
1987-9-19,1
1987-9-28,2
1987-9-30,1
1987-9-6,2
1987-9-8,2
1987-9-9,1
1988-1-1,6
1988-1-13,3
1988-1-14,2
1988-1-15,2
1988-1-16,2
1988-1-21,1
1988-1-22,7
1988-1-23,1
1988-1-24,3
1988-1-26,1
1988-1-27,3
1988-1-29,1
1988-1-3,1
1988-1-30,9
1988-1-31,4
1988-1-7,1
1988-1-8,2
1988-1-9,2
1988-10-1,1
1988-10-11,1
1988-10-13,1
1988-10-21,1
1988-10-24,1
1988-10-27,5
1988-10-31,1
1988-11-1,1
1988-11-15,1
1988-11-20,2
1988-11-21,1
1988-11-22,1
1988-11-24,1
1988-11-29,2
1988-11-3,3
1988-11-4,1
1988-11-5,1
1988-11-7,1
1988-12-10,2
1988-12-11,1
1988-12-25,2
1988-12-26,1
1988-12-30,2
1988-12-31,1
1988-12-9,3
1988-2-1,2
1988-2-12,4
1988-2-17,1
1988-2-19,4
1988-2-20,5
1988-2-21,1
1988-2-22,1
1988-2-23,1
1988-2-24,4
1988-2-5,3
1988-2-7,5
1988-2-9,3
1988-3-10,3
1988-3-12,3
1988-3-13,2
1988-3-14,3
1988-3-21,3
1988-3-22,2
1988-3-23,1
1988-3-25,2
1988-3-27,2
1988-3-29,2
1988-3-3,4
1988-3-30,1
1988-3-31,2
1988-3-6,4
1988-3-7,1
1988-3-8,1
1988-3-9,3
1988-4-1,5
1988-4-14,2
1988-4-16,3
1988-4-18,3
1988-4-19,1
1988-4-22,2
1988-4-23,1
1988-4-28,2
1988-4-4,1
1988-4-5,2
1988-4-7,2
1988-5-1,2
1988-5-15,2
1988-5-16,2
1988-5-17,1
1988-5-18,4
1988-5-19,1
1988-5-2,2
1988-5-21,2
1988-5-22,3
1988-5-23,3
1988-5-24,3
1988-5-3,1
1988-5-30,2
1988-5-31,2
1988-5-6,2
1988-5-7,2
1988-5-9,2
1988-6-1,1
1988-6-11,1
1988-6-14,7
1988-6-16,1
1988-6-18,3
1988-6-20,2
1988-6-21,1
1988-6-22,5
1988-6-23,2
1988-6-25,1
1988-6-27,2
1988-6-28,6
1988-6-4,4
1988-6-5,1
1988-6-8,1
1988-7-1,2
1988-7-10,6
1988-7-11,1
1988-7-14,1
1988-7-15,1
1988-7-16,3
1988-7-17,1
1988-7-2,2
1988-7-22,1
1988-7-23,4
1988-7-24,1
1988-7-25,1
1988-7-30,3
1988-7-31,5
1988-7-4,3
1988-7-7,2
1988-7-9,2
1988-8-1,2
1988-8-12,1
1988-8-17,3
1988-8-19,5
1988-8-2,1
1988-8-22,2
1988-8-25,5
1988-8-27,3
1988-8-3,2
1988-8-30,2
1988-8-31,4
1988-8-4,2
1988-8-7,2
1988-8-9,1
1988-9-1,2
1988-9-11,2
1988-9-12,3
1988-9-13,2
1988-9-15,1
1988-9-19,1
1988-9-24,1
1988-9-26,1
1988-9-28,1
1988-9-30,1
1988-9-4,2
1988-9-5,1
1988-9-6,3
1988-9-7,2
1988-9-8,1
1989-1-1,7
1989-1-11,3
1989-1-12,1
1989-1-15,1
1989-1-16,2
1989-1-17,1
1989-1-21,1
1989-1-24,3
1989-1-26,2
1989-1-30,2
1989-1-6,2
1989-1-7,2
1989-10-10,2
1989-10-16,4
1989-10-2,1
1989-10-20,1
1989-10-28,1
1989-10-29,1
1989-10-4,4
1989-10-5,2
1989-10-7,1
1989-10-8,3
1989-11-10,2
1989-11-12,3
1989-11-18,6
1989-11-19,2
1989-11-2,1
1989-11-21,15
1989-11-23,1
1989-11-25,2
1989-11-4,1
1989-12-10,1
1989-12-11,2
1989-12-12,2
1989-12-13,1
1989-12-21,3
1989-12-23,3
1989-12-26,4
1989-12-27,3
1989-12-28,2
1989-12-30,2
1989-12-4,1
1989-12-8,1
1989-2-1,2
1989-2-10,4
1989-2-13,1
1989-2-14,2
1989-2-15,4
1989-2-16,2
1989-2-17,2
1989-2-18,7
1989-2-19,3
1989-2-2,1
1989-2-4,1
1989-2-5,2
1989-3-14,3
1989-3-16,2
1989-3-17,2
1989-3-18,2
1989-3-19,8
1989-3-21,2
1989-3-23,1
1989-3-25,2
1989-3-30,3
1989-3-4,5
1989-3-5,4
1989-3-8,1
1989-4-14,2
1989-4-16,2
1989-4-19,2
1989-4-20,2
1989-4-21,1
1989-4-22,1
1989-4-25,1
1989-4-26,1
1989-4-3,2
1989-4-7,3
1989-5-1,2
1989-5-10,2
1989-5-12,1
1989-5-13,2
1989-5-14,1
1989-5-18,2
1989-5-19,2
1989-5-20,1
1989-5-23,5
1989-5-30,4
1989-5-5,1
1989-5-6,4
1989-5-9,2
1989-6-1,2
1989-6-10,1
1989-6-12,1
1989-6-17,3
1989-6-20,1
1989-6-21,4
1989-6-25,1
1989-6-26,1
1989-6-27,2
1989-6-28,3
1989-6-29,3
1989-6-4,1
1989-6-6,2
1989-7-11,1
1989-7-12,1
1989-7-13,1
1989-7-17,2
1989-7-21,4
1989-7-30,2
1989-7-7,1
1989-7-9,3
1989-8-11,3
1989-8-12,4
1989-8-14,2
1989-8-15,3
1989-8-16,3
1989-8-17,8
1989-8-18,2
1989-8-19,1
1989-8-20,1
1989-8-21,1
1989-8-28,2
1989-8-29,3
1989-8-8,5
1989-8-9,4
1989-9-1,1
1989-9-10,1
1989-9-11,3
1989-9-12,1
1989-9-14,1
1989-9-15,5
1989-9-16,2
1989-9-18,2
1989-9-23,1
1989-9-24,1
1989-9-29,1
1989-9-30,2
1989-9-8,2
1989-9-9,1
1990-1-1,3
1990-1-10,2
1990-1-15,1
1990-1-16,1
1990-1-19,1
1990-1-20,1
1990-1-24,1
1990-1-25,1
1990-1-3,1
1990-1-30,1
1990-1-5,3
1990-1-6,2
1990-1-7,2
1990-1-8,8
1990-1-9,4
1990-10-10,1
1990-10-14,8
1990-10-16,1
1990-10-19,1
1990-10-20,1
1990-10-21,1
1990-10-25,3
1990-10-4,1
1990-10-6,1
1990-11-10,5
1990-11-14,1
1990-11-15,1
1990-11-17,1
1990-11-2,1
1990-11-24,2
1990-11-25,2
1990-11-26,2
1990-11-27,1
1990-11-4,4
1990-11-7,1
1990-11-9,1
1990-12-13,2
1990-12-27,1
1990-12-3,2
1990-12-4,4
1990-12-6,1
1990-2-1,1
1990-2-10,9
1990-2-11,2
1990-2-12,8
1990-2-13,5
1990-2-15,1
1990-2-17,1
1990-2-18,1
1990-2-19,1
1990-2-22,3
1990-2-26,1
1990-2-27,1
1990-2-28,2
1990-2-4,5
1990-2-6,1
1990-2-7,1
1990-3-1,2
1990-3-11,2
1990-3-12,1
1990-3-13,3
1990-3-17,1
1990-3-18,7
1990-3-19,4
1990-3-20,4
1990-3-23,2
1990-3-24,1
1990-3-25,1
1990-3-27,3
1990-3-29,1
1990-3-5,1
1990-3-7,3
1990-3-8,2
1990-4-1,1
1990-4-10,3
1990-4-11,1
1990-4-12,1
1990-4-13,6
1990-4-14,3
1990-4-15,1
1990-4-16,1
1990-4-17,1
1990-4-18,3
1990-4-19,4
1990-4-2,3
1990-4-20,2
1990-4-25,5
1990-4-28,4
1990-4-3,1
1990-4-30,3
1990-4-5,3
1990-4-6,2
1990-4-9,1
1990-5-10,2
1990-5-11,1
1990-5-12,1
1990-5-14,1
1990-5-15,1
1990-5-2,2
1990-5-21,1
1990-5-27,1
1990-5-3,1
1990-5-4,2
1990-5-8,5
1990-5-9,2
1990-6-10,2
1990-6-12,1
1990-6-13,2
1990-6-18,3
1990-6-19,4
1990-6-23,1
1990-6-24,1
1990-6-25,1
1990-6-28,1
1990-6-29,5
1990-6-4,8
1990-6-5,2
1990-6-6,2
1990-6-7,2
1990-6-8,2
1990-6-9,5
1990-7-10,1
1990-7-12,1
1990-7-13,1
1990-7-14,4
1990-7-16,2
1990-7-17,5
1990-7-19,1
1990-7-20,4
1990-7-21,1
1990-7-22,1
1990-7-23,9
1990-7-24,1
1990-7-26,5
1990-7-27,1
1990-7-29,1
1990-7-30,1
1990-7-6,1
1990-7-7,2
1990-7-8,1
1990-8-1,1
1990-8-14,1
1990-8-15,2
1990-8-18,1
1990-8-19,1
1990-8-2,2
1990-8-30,1
1990-8-5,1
1990-8-9,3
1990-9-10,3
1990-9-11,2
1990-9-12,5
1990-9-16,1
1990-9-19,1
1990-9-20,1
1990-9-25,1
1990-9-28,2
1990-9-4,1
1991-1-11,1
1991-1-12,1
1991-1-17,1
1991-1-22,3
1991-1-26,5
1991-1-27,1
1991-1-28,2
1991-1-29,4
1991-1-31,1
1991-1-7,1
1991-1-8,1
1991-10-14,1
1991-10-16,3
1991-10-20,30
1991-10-22,1
1991-10-26,1
1991-10-31,4
1991-10-6,1
1991-10-7,2
1991-10-8,2
1991-11-1,1
1991-11-10,2
1991-11-12,1
1991-11-13,2
1991-11-15,2
1991-11-16,2
1991-11-2,5
1991-11-21,1
1991-11-3,1
1991-11-4,2
1991-11-8,1
1991-11-9,1
1991-12-1,1
1991-12-13,1
1991-12-19,3
1991-12-22,1
1991-12-23,1
1991-12-26,1
1991-12-30,1
1991-12-5,5
1991-12-6,1
1991-2-10,1
1991-2-12,1
1991-2-19,1
1991-2-2,1
1991-2-23,1
1991-2-27,1
1991-2-5,2
1991-2-6,1
1991-2-8,1
1991-3-15,1
1991-3-18,2
1991-3-20,2
1991-3-21,1
1991-3-22,2
1991-3-23,3
1991-3-25,5
1991-3-31,1
1991-4-11,1
1991-4-17,2
1991-4-19,4
1991-4-2,2
1991-4-21,2
1991-4-23,1
1991-4-26,2
1991-4-27,1
1991-4-3,3
1991-4-4,2
1991-4-5,2
1991-4-6,2
1991-5-10,1
1991-5-11,1
1991-5-12,2
1991-5-15,1
1991-5-17,1
1991-5-21,1
1991-5-26,3
1991-5-28,2
1991-5-3,4
1991-5-30,2
1991-5-4,1
1991-5-6,2
1991-5-7,3
1991-5-8,1
1991-6-10,2
1991-6-11,1
1991-6-12,3
1991-6-13,3
1991-6-14,1
1991-6-15,4
1991-6-17,1
1991-6-19,1
1991-6-20,1
1991-6-23,1
1991-6-25,1
1991-6-27,1
1991-6-28,1
1991-6-3,2
1991-6-30,1
1991-6-4,1
1991-6-6,3
1991-6-7,3
1991-6-8,2
1991-6-9,3
1991-7-1,14
1991-7-10,1
1991-7-11,5
1991-7-13,4
1991-7-14,1
1991-7-16,3
1991-7-2,1
1991-7-20,3
1991-7-23,4
1991-7-24,2
1991-7-25,1
1991-7-26,2
1991-7-27,2
1991-7-28,3
1991-7-4,1
1991-7-6,4
1991-8-1,1
1991-8-10,2
1991-8-11,2
1991-8-12,1
1991-8-13,4
1991-8-14,2
1991-8-15,3
1991-8-16,2
1991-8-19,4
1991-8-2,2
1991-8-20,2
1991-8-21,1
1991-8-22,1
1991-8-26,1
1991-8-29,2
1991-8-3,4
1991-8-30,1
1991-8-4,2
1991-8-5,2
1991-8-7,1
1991-8-8,4
1991-8-9,1
1991-9-1,2
1991-9-10,1
1991-9-14,2
1991-9-18,1
1991-9-19,2
1991-9-2,1
1991-9-20,3
1991-9-21,3
1991-9-23,4
1991-9-25,1
1991-9-27,1
1991-9-28,2
1991-9-3,2
1991-9-4,1
1991-9-6,2
1991-9-8,1
1992-1-16,1
1992-1-17,1
1992-1-18,1
1992-1-19,1
1992-1-20,1
1992-1-21,1
1992-1-23,1
1992-1-24,1
1992-1-29,1
1992-1-6,3
1992-1-8,2
1992-10-10,1
1992-10-13,2
1992-10-16,1
1992-10-17,1
1992-10-2,1
1992-10-20,1
1992-10-21,3
1992-10-24,1
1992-10-26,1
1992-10-27,2
1992-10-28,2
1992-10-29,1
1992-10-30,2
1992-10-31,1
1992-10-4,2
1992-10-6,1
1992-10-7,2
1992-10-9,2
1992-11-19,1
1992-11-2,1
1992-11-21,2
1992-11-22,2
1992-11-30,1
1992-12-1,2
1992-12-16,1
1992-12-18,1
1992-12-2,3
1992-12-21,1
1992-12-23,1
1992-12-31,3
1992-12-5,1
1992-12-6,1
1992-12-7,6
1992-12-8,3
1992-12-9,3
1992-2-1,1
1992-2-10,7
1992-2-11,1
1992-2-12,2
1992-2-13,1
1992-2-15,1
1992-2-16,1
1992-2-17,1
1992-2-18,2
1992-2-19,1
1992-2-20,1
1992-2-23,1
1992-2-24,1
1992-2-25,1
1992-2-3,1
1992-2-4,2
1992-2-8,1
1992-3-1,1
1992-3-10,1
1992-3-11,1
1992-3-13,1
1992-3-14,4
1992-3-17,1
1992-3-18,1
1992-3-21,1
1992-3-27,1
1992-3-29,1
1992-3-3,2
1992-3-30,1
1992-3-31,1
1992-3-4,2
1992-3-6,1
1992-3-7,1
1992-4-1,1
1992-4-13,3
1992-4-16,2
1992-4-2,2
1992-4-23,1
1992-4-24,1
1992-4-25,2
1992-4-26,9
1992-4-27,2
1992-4-28,1
1992-4-3,1
1992-4-4,4
1992-4-8,2
1992-4-9,1
1992-5-10,2
1992-5-15,2
1992-5-16,3
1992-5-18,3
1992-5-20,1
1992-5-24,2
1992-5-25,5
1992-5-30,1
1992-5-6,2
1992-5-7,2
1992-5-8,1
1992-5-9,1
1992-6-10,1
1992-6-16,2
1992-6-23,1
1992-6-25,1
1992-6-4,1
1992-6-6,1
1992-7-13,1
1992-7-16,1
1992-7-19,1
1992-7-20,3
1992-7-30,1
1992-7-6,1
1992-7-9,2
1992-8-13,5
1992-8-2,2
1992-8-20,1
1992-8-24,1
1992-8-26,2
1992-8-3,3
1992-8-30,1
1992-8-31,3
1992-8-4,1
1992-8-5,1
1992-8-9,4
1992-9-10,2
1992-9-11,1
1992-9-13,1
1992-9-15,4
1992-9-16,1
1992-9-17,1
1992-9-19,1
1992-9-2,2
1992-9-23,2
1992-9-24,1
1992-9-28,1
1992-9-4,1
1994-1-13,1
1994-1-2,1
1994-1-21,1
1994-1-25,1
1994-1-26,1
1994-1-27,1
1994-1-30,3
1994-1-9,1
1994-10-11,2
1994-10-15,2
1994-10-16,1
1994-10-19,1
1994-10-20,3
1994-11-11,1
1994-11-23,1
1994-11-24,2
1994-11-27,1
1994-11-28,2
1994-11-29,1
1994-11-30,1
1994-11-6,1
1994-12-1,1
1994-12-10,1
1994-12-19,2
1994-12-24,2
1994-12-4,2
1994-12-5,2
1994-2-14,1
1994-2-23,1
1994-2-9,1
1994-3-18,1
1994-3-26,1
1994-3-27,1
1994-3-29,1
1994-4-14,3
1994-4-15,1
1994-4-30,2
1994-4-4,1
1994-4-9,1
1994-5-11,1
1994-5-27,4
1994-5-7,1
1994-5-8,2
1994-5-9,3
1994-6-20,1
1994-6-3,1
1994-6-30,1
1994-6-5,1
1994-6-6,1
1994-7-13,1
1994-7-14,1
1994-7-16,1
1994-7-20,2
1994-7-21,16
1994-7-22,1
1994-7-23,1
1994-7-24,1
1994-7-30,1
1994-8-16,1
1994-8-25,2
1994-8-29,1
1994-8-6,1
1994-9-13,2
1994-9-14,1
1994-9-16,1
1994-9-28,1
1994-9-29,1
1994-9-8,1
1995-1-13,1
1995-1-22,1
1995-1-24,1
1995-1-26,1
1995-1-7,1
1995-10-17,1
1995-10-19,1
1995-10-22,1
1995-10-29,1
1995-10-30,1
1995-10-31,1
1995-11-13,1
1995-11-15,1
1995-11-19,1
1995-11-21,1
1995-11-22,2
1995-11-24,1
1995-11-27,1
1995-11-8,1
1995-12-1,1
1995-12-2,1
1995-12-6,1
1995-12-8,1
1995-2-10,3
1995-2-11,2
1995-2-15,2
1995-2-16,1
1995-2-17,1
1995-2-20,1
1995-2-21,1
1995-2-25,1
1995-2-27,1
1995-2-28,1
1995-2-4,5
1995-2-5,1
1995-2-6,1
1995-2-8,3
1995-3-1,1
1995-3-10,2
1995-3-11,3
1995-3-20,2
1995-3-24,3
1995-3-26,1
1995-3-31,1
1995-3-5,1
1995-3-6,3
1995-4-14,5
1995-4-2,1
1995-4-22,1
1995-4-23,1
1995-4-7,1
1995-5-15,11
1995-5-16,13
1995-5-17,10
1995-5-18,18
1995-5-2,2
1995-5-23,1
1995-5-3,1
1995-5-30,1
1995-6-12,1
1995-6-16,1
1995-6-6,1
1995-7-10,1
1995-7-11,1
1995-7-13,1
1995-7-17,1
1995-7-20,1
1995-7-22,1
1995-7-24,1
1995-7-26,1
1995-7-28,1
1995-7-3,2
1995-7-4,1
1995-7-8,1
1995-8-10,3
1995-8-11,3
1995-8-15,1
1995-8-16,2
1995-8-21,2
1995-8-31,1
1995-8-5,1
1995-8-7,2
1995-8-8,4
1995-8-9,1
1995-9-11,2
1995-9-13,1
1995-9-14,1
1995-9-25,2
1995-9-26,2
1995-9-29,2
1995-9-4,1
1995-9-7,1
1996-1-20,1
1996-1-21,1
1996-1-24,1
1996-1-26,4
1996-1-3,1
1996-1-30,1
1996-1-5,1
1996-10-1,1
1996-10-17,1
1996-10-2,1
1996-10-21,1
1996-10-23,1
1996-10-25,2
1996-10-28,1
1996-10-3,2
1996-10-31,1
1996-10-5,2
1996-10-7,1
1996-11-12,2
1996-11-15,1
1996-11-18,1
1996-11-19,2
1996-11-26,1
1996-11-28,1
1996-11-9,1
1996-12-1,2
1996-12-13,2
1996-12-15,1
1996-12-2,1
1996-12-22,1
1996-12-25,1
1996-12-29,1
1996-12-30,1
1996-12-4,1
1996-12-5,2
1996-12-6,2
1996-12-9,1
1996-2-13,1
1996-2-25,3
1996-2-26,2
1996-3-11,1
1996-3-18,1
1996-3-2,2
1996-3-20,1
1996-3-24,1
1996-3-25,1
1996-3-26,1
1996-3-3,2
1996-3-6,1
1996-3-9,2
1996-4-10,4
1996-4-12,5
1996-4-15,2
1996-4-16,1
1996-4-18,2
1996-4-25,2
1996-4-27,3
1996-4-29,3
1996-4-3,1
1996-4-30,1
1996-4-7,2
1996-4-8,3
1996-4-9,2
1996-5-12,1
1996-5-16,1
1996-5-17,1
1996-5-18,20
1996-5-2,7
1996-5-20,4
1996-5-21,1
1996-5-22,4
1996-5-25,1
1996-5-27,3
1996-5-28,1
1996-5-29,1
1996-5-30,4
1996-5-31,1
1996-5-5,2
1996-5-6,3
1996-5-7,3
1996-6-2,1
1996-6-29,1
1996-6-7,1
1996-7-11,1
1996-7-15,1
1996-7-17,1
1996-7-19,1
1996-7-29,2
1996-7-5,1
1996-7-6,1
1996-7-8,1
1996-7-9,1
1996-8-1,1
1996-8-15,1
1996-8-17,1
1996-8-18,3
1996-8-2,1
1996-8-22,1
1996-9-11,1
1996-9-12,1
1996-9-13,1
1996-9-16,6
1996-9-18,1
1996-9-19,10
1996-9-21,1
1996-9-23,2
1996-9-27,1
1996-9-30,4
1996-9-7,5
1997-1-10,2
1997-1-13,1
1997-1-14,1
1997-1-16,2
1997-1-22,5
1997-1-24,1
1997-1-3,2
1997-1-4,2
1997-1-8,1
1997-10-1,2
1997-10-10,3
1997-10-18,2
1997-10-24,2
1997-10-26,2
1997-10-29,4
1997-10-30,1
1997-10-31,2
1997-11-1,5
1997-11-12,1
1997-11-13,1
1997-11-14,1
1997-11-17,1
1997-11-19,1
1997-11-2,1
1997-11-27,1
1997-11-28,3
1997-11-29,2
1997-11-30,4
1997-11-7,1
1997-12-1,1
1997-12-18,2
1997-12-30,2
1997-12-4,2
1997-12-5,2
1997-12-6,4
1997-12-8,1
1997-2-1,1
1997-2-11,2
1997-2-16,3
1997-2-19,1
1997-2-24,1
1997-2-25,2
1997-2-26,1
1997-2-27,1
1997-2-4,2
1997-3-11,2
1997-3-14,1
1997-3-16,2
1997-3-17,1
1997-3-2,1
1997-3-21,2
1997-3-23,1
1997-3-29,1
1997-3-3,2
1997-3-30,2
1997-3-31,1
1997-4-11,2
1997-4-21,2
1997-4-24,1
1997-4-25,1
1997-4-3,1
1997-4-30,1
1997-4-6,1
1997-5-12,1
1997-5-16,1
1997-5-17,2
1997-5-21,2
1997-5-28,2
1997-5-7,1
1997-6-10,1
1997-6-15,1
1997-6-17,1
1997-6-18,2
1997-6-20,2
1997-6-25,1
1997-6-29,3
1997-6-3,1
1997-6-30,1
1997-6-4,1
1997-6-6,1
1997-6-7,1
1997-6-8,1
1997-6-9,1
1997-7-1,2
1997-7-12,1
1997-7-14,2
1997-7-15,2
1997-7-16,2
1997-7-18,1
1997-7-2,2
1997-7-21,1
1997-7-22,2
1997-7-28,1
1997-7-31,1
1997-7-4,1
1997-7-5,2
1997-7-7,1
1997-7-8,2
1997-7-9,1
1997-8-11,7
1997-8-12,1
1997-8-13,1
1997-8-14,7
1997-8-15,2
1997-8-23,1
1997-8-26,1
1997-8-27,1
1997-8-28,2
1997-8-30,3
1997-8-7,1
1997-8-8,1
1997-9-2,1
1997-9-23,1
1997-9-25,1
1997-9-7,1
1998-1-25,1
1998-1-9,1
1998-10-10,2
1998-10-16,1
1998-10-17,1
1998-10-23,1
1998-10-6,1
1998-10-8,4
1998-11-19,1
1998-11-21,1
1998-11-24,1
1998-11-26,1
1998-11-27,3
1998-11-7,1
1998-12-18,1
1998-12-20,1
1998-2-14,13
1998-2-27,3
1998-2-4,1
1998-4-18,1
1998-4-22,1
1998-5-5,2
1998-6-19,1
1998-7-17,1
1998-7-28,2
1998-7-29,3
1998-8-2,1
1998-8-24,1
1998-8-3,3
1998-8-4,3
1998-8-9,1
1998-9-25,2
1999-1-23,1
1999-1-25,1
1999-1-4,1
1999-10-2,8
1999-10-23,1
1999-10-3,3
1999-10-7,1
1999-11-11,1
1999-11-13,1
1999-11-14,1
1999-11-18,1
1999-11-22,1
1999-11-23,1
1999-11-25,1
1999-11-27,2
1999-11-29,1
1999-11-3,1
1999-12-12,1
1999-12-15,2
1999-12-16,1
1999-12-20,1
1999-12-22,1
1999-12-28,1
1999-12-29,1
1999-12-6,1
1999-12-8,1
1999-2-11,1
1999-2-13,1
1999-3-13,1
1999-3-18,1
1999-3-24,1
1999-3-27,1
1999-3-3,2
1999-4-1,1
1999-4-20,1
1999-5-10,1
1999-5-11,1
1999-5-12,1
1999-5-15,1
1999-5-24,1
1999-5-30,4
1999-5-5,1
1999-6-12,2
1999-6-22,1
1999-6-26,1
1999-6-28,2
1999-6-29,1
1999-6-3,1
1999-6-30,1
1999-6-9,1
1999-7-13,2
1999-7-18,1
1999-7-19,2
1999-7-21,2
1999-7-22,2
1999-7-24,1
1999-7-27,1
1999-7-29,1
1999-7-6,1
1999-7-7,1
1999-7-8,1
1999-8-11,1
1999-8-14,5
1999-8-15,2
1999-8-2,1
1999-8-20,2
1999-8-3,1
1999-8-4,1
1999-8-5,1
1999-8-6,2
1999-8-7,3
1999-8-8,1
1999-8-9,1
1999-9-15,1
1999-9-16,1
1999-9-25,2
1999-9-26,2
1999-9-29,1
1999-9-6,1
1999-9-9,1
2000-1-1,2
2000-1-11,1
2000-1-12,1
2000-1-16,2
2000-1-19,1
2000-1-24,1
2000-1-26,1
2000-1-27,1
2000-1-28,1
2000-1-3,1
2000-1-31,3
2000-1-6,1
2000-1-7,1
2000-10-11,1
2000-10-18,3
2000-10-21,1
2000-10-23,3
2000-10-26,1
2000-10-27,2
2000-11-15,1
2000-11-16,1
2000-11-17,1
2000-11-19,1
2000-11-2,1
2000-11-21,1
2000-11-24,2
2000-11-25,2
2000-11-3,1
2000-11-30,1
2000-11-8,1
2000-12-1,5
2000-12-11,1
2000-12-12,1
2000-12-13,1
2000-12-17,1
2000-12-18,1
2000-12-2,1
2000-12-22,1
2000-12-25,1
2000-12-3,1
2000-12-7,1
2000-2-10,2
2000-2-17,1
2000-2-18,3
2000-2-20,3
2000-2-22,1
2000-2-27,2
2000-2-8,1
2000-3-11,1
2000-3-14,1
2000-3-16,1
2000-3-18,1
2000-3-21,1
2000-3-24,1
2000-3-3,1
2000-3-4,2
2000-3-5,1
2000-3-7,2
2000-4-12,1
2000-4-15,1
2000-4-19,3
2000-4-24,1
2000-4-26,1
2000-4-28,2
2000-4-5,1
2000-4-9,6
2000-5-1,1
2000-5-15,2
2000-5-19,1
2000-5-20,1
2000-5-21,2
2000-5-22,1
2000-5-28,1
2000-5-29,2
2000-5-7,1
2000-5-8,1
2000-6-11,1
2000-6-12,1
2000-6-13,1
2000-6-2,1
2000-6-25,2
2000-6-28,1
2000-6-3,1
2000-6-4,3
2000-6-7,1
2000-6-8,4
2000-7-12,1
2000-7-13,2
2000-7-16,2
2000-7-19,1
2000-7-2,1
2000-7-24,2
2000-7-30,4
2000-7-8,1
2000-8-1,1
2000-8-10,2
2000-8-13,4
2000-8-14,1
2000-8-16,1
2000-8-17,1
2000-8-19,1
2000-8-20,1
2000-8-21,1
2000-8-22,1
2000-8-26,1
2000-8-27,1
2000-8-7,1
2000-9-1,3
2000-9-12,1
2000-9-13,2
2000-9-14,1
2000-9-15,3
2000-9-18,2
2000-9-23,1
2000-9-24,1
2000-9-30,2
2000-9-8,1
2000-9-9,1
2001-1-14,1
2001-1-15,1
2001-1-16,1
2001-1-21,2
2001-1-22,1
2001-1-24,1
2001-1-26,1
2001-1-3,1
2001-1-5,2
2001-1-7,4
2001-1-9,2
2001-10-1,1
2001-10-20,1
2001-10-22,2
2001-10-25,1
2001-10-26,2
2001-10-27,3
2001-10-28,1
2001-11-10,1
2001-11-14,1
2001-11-15,3
2001-11-18,1
2001-11-2,1
2001-11-21,1
2001-11-23,1
2001-11-24,1
2001-11-25,1
2001-11-29,3
2001-11-3,1
2001-11-30,1
2001-12-1,4
2001-12-13,1
2001-12-18,2
2001-12-2,1
2001-12-3,1
2001-12-30,1
2001-12-5,1
2001-12-8,1
2001-2-10,1
2001-2-14,1
2001-2-19,1
2001-2-20,2
2001-2-22,1
2001-2-23,1
2001-2-26,1
2001-2-3,1
2001-2-9,2
2001-3-1,1
2001-3-13,3
2001-3-17,1
2001-3-18,1
2001-3-2,1
2001-3-22,1
2001-3-24,1
2001-3-26,1
2001-3-29,1
2001-3-3,1
2001-3-5,1
2001-3-6,1
2001-4-10,1
2001-4-14,2
2001-4-19,1
2001-4-20,1
2001-4-23,3
2001-4-24,1
2001-4-26,2
2001-4-29,1
2001-4-3,2
2001-4-4,1
2001-4-5,1
2001-4-6,1
2001-5-10,2
2001-5-25,1
2001-5-28,3
2001-5-29,2
2001-5-5,1
2001-5-9,2
2001-6-15,1
2001-6-2,1
2001-6-25,1
2001-6-26,1
2001-6-27,1
2001-6-3,1
2001-6-6,1
2001-6-7,1
2001-6-8,1
2001-7-21,2
2001-7-22,1
2001-7-29,1
2001-8-1,4
2001-8-10,5
2001-8-11,3
2001-8-12,1
2001-8-13,4
2001-8-14,3
2001-8-15,6
2001-8-16,2
2001-8-17,1
2001-8-18,2
2001-8-19,2
2001-8-2,4
2001-8-20,2
2001-8-21,4
2001-8-22,1
2001-8-23,4
2001-8-24,6
2001-8-25,5
2001-8-26,4
2001-8-27,3
2001-8-28,2
2001-8-29,4
2001-8-30,2
2001-8-31,3
2001-8-4,2
2001-8-5,3
2001-8-6,2
2001-8-7,6
2001-8-8,2
2001-8-9,3
2001-9-1,1
2001-9-10,1
2001-9-15,2
2001-9-17,1
2001-9-2,1
2001-9-23,1
2001-9-25,1
2001-9-28,1
2001-9-3,1
2001-9-4,1
2001-9-6,1
2001-9-8,2
2001-9-9,2
2002-1-1,4
2002-1-12,1
2002-1-16,1
2002-1-17,1
2002-1-2,4
2002-1-22,1
2002-1-24,2
2002-1-30,2
2002-1-31,2
2002-1-6,2
2002-1-9,1
2002-10-1,1
2002-10-11,1
2002-10-13,1
2002-10-2,2
2002-10-23,1
2002-10-27,2
2002-10-3,1
2002-10-8,1
2002-11-11,2
2002-11-13,2
2002-11-18,1
2002-11-2,3
2002-11-20,3
2002-11-21,2
2002-11-23,1
2002-11-24,1
2002-11-25,2
2002-11-28,1
2002-11-3,1
2002-11-30,1
2002-11-4,2
2002-11-6,1
2002-11-8,2
2002-12-1,2
2002-12-12,1
2002-12-16,1
2002-12-18,4
2002-12-19,2
2002-12-2,2
2002-12-20,1
2002-12-5,1
2002-12-9,1
2002-2-1,1
2002-2-11,2
2002-2-12,2
2002-2-13,1
2002-2-14,2
2002-2-16,1
2002-2-17,1
2002-2-20,2
2002-2-23,1
2002-2-3,1
2002-2-4,1
2002-3-15,1
2002-3-18,2
2002-3-22,2
2002-3-23,1
2002-3-30,1
2002-4-1,1
2002-4-12,1
2002-4-14,1
2002-4-16,2
2002-4-25,1
2002-4-8,1
2002-4-9,1
2002-5-1,2
2002-5-14,1
2002-5-19,1
2002-5-20,2
2002-5-21,1
2002-5-27,1
2002-5-29,7
2002-5-3,2
2002-6-1,1
2002-6-15,2
2002-6-16,1
2002-6-23,1
2002-6-24,2
2002-6-27,3
2002-7-10,2
2002-7-12,1
2002-7-13,1
2002-7-17,1
2002-7-22,1
2002-7-23,1
2002-7-24,1
2002-7-27,1
2002-7-29,1
2002-7-30,3
2002-7-31,2
2002-7-5,1
2002-7-8,1
2002-8-11,1
2002-8-13,3
2002-8-15,1
2002-8-2,1
2002-8-22,1
2002-8-25,2
2002-8-27,1
2002-8-30,1
2002-8-6,3
2002-8-7,2
2002-8-8,1
2002-9-1,2
2002-9-11,2
2002-9-15,1
2002-9-16,1
2002-9-19,2
2002-9-2,1
2002-9-21,1
2002-9-24,1
2002-9-26,1
2002-9-28,1
2002-9-5,2
2002-9-6,1
2002-9-8,1
2002-9-9,1
2003-1-10,3
2003-1-11,2
2003-1-12,2
2003-1-13,2
2003-1-14,1
2003-1-15,1
2003-1-16,2
2003-1-19,1
2003-1-2,2
2003-1-20,4
2003-1-21,1
2003-1-23,1
2003-1-24,2
2003-1-25,3
2003-1-26,2
2003-1-27,2
2003-1-28,4
2003-1-3,5
2003-1-31,2
2003-1-5,2
2003-1-6,1
2003-1-9,2
2003-10-1,1
2003-10-20,2
2003-10-21,1
2003-10-28,1
2003-11-12,2
2003-11-14,1
2003-11-15,1
2003-11-18,1
2003-11-22,1
2003-11-27,2
2003-11-29,1
2003-11-3,2
2003-11-5,2
2003-11-7,1
2003-12-2,1
2003-12-6,1
2003-12-8,1
2003-2-10,3
2003-2-12,1
2003-2-16,1
2003-2-2,1
2003-2-20,1
2003-2-23,1
2003-2-25,1
2003-2-26,1
2003-2-6,1
2003-3-11,1
2003-3-13,3
2003-3-14,4
2003-3-15,2
2003-3-16,1
2003-3-17,2
2003-3-23,4
2003-3-26,3
2003-3-28,3
2003-3-29,1
2003-3-30,1
2003-3-5,1
2003-3-8,5
2003-4-12,3
2003-4-13,1
2003-4-14,2
2003-4-15,1
2003-4-17,2
2003-4-22,1
2003-4-26,2
2003-4-8,1
2003-4-9,1
2003-5-1,1
2003-5-12,3
2003-5-13,2
2003-5-17,1
2003-5-19,4
2003-5-28,1
2003-5-3,1
2003-5-30,1
2003-5-31,2
2003-5-5,2
2003-5-6,2
2003-5-7,4
2003-5-9,1
2003-6-1,1
2003-6-16,2
2003-6-17,2
2003-6-21,1
2003-6-23,4
2003-6-28,1
2003-7-12,1
2003-7-15,4
2003-7-17,2
2003-7-21,1
2003-7-22,2
2003-7-27,2
2003-7-28,1
2003-7-29,2
2003-7-3,1
2003-7-4,1
2003-8-25,1
2003-8-7,1
2003-9-11,1
2003-9-13,1
2003-9-2,3
2003-9-20,1
2003-9-22,1
2003-9-24,1
2003-9-28,1
2003-9-30,1
2003-9-6,2
2003-9-7,2
2003-9-8,1
2003-9-9,1
2004-1-1,1
2004-1-10,2
2004-1-12,1
2004-1-14,2
2004-1-15,1
2004-1-2,2
2004-1-27,1
2004-1-3,1
2004-1-6,1
2004-1-9,1
2004-10-14,1
2004-10-2,3
2004-10-3,2
2004-10-4,1
2004-10-5,1
2004-10-8,1
2004-11-1,1
2004-11-3,1
2004-11-8,1
2004-12-14,1
2004-12-24,1
2004-12-29,1
2004-12-3,1
2004-12-5,1
2004-12-8,1
2004-2-15,1
2004-2-23,1
2004-2-27,1
2004-2-7,1
2004-3-11,1
2004-3-20,1
2004-3-3,1
2004-3-9,1
2004-4-1,1
2004-4-10,1
2004-4-14,2
2004-4-15,1
2004-4-20,5
2004-4-21,2
2004-4-23,2
2004-4-27,1
2004-4-5,1
2004-4-8,2
2004-5-10,1
2004-5-21,1
2004-5-23,2
2004-5-29,1
2004-6-10,2
2004-6-12,1
2004-6-15,1
2004-6-16,1
2004-6-18,1
2004-6-20,1
2004-6-23,2
2004-6-24,1
2004-6-26,1
2004-6-28,1
2004-6-3,1
2004-6-30,2
2004-6-5,1
2004-6-9,1
2004-7-15,4
2004-7-19,2
2004-7-2,2
2004-7-25,1
2004-7-26,1
2004-7-27,1
2004-7-3,1
2004-8-13,1
2004-8-14,1
2004-8-15,1
2004-8-18,2
2004-8-25,3
2004-8-26,2
2004-8-27,2
2004-8-31,1
2004-9-10,2
2004-9-25,1
2004-9-3,1
2005-1-1,1
2005-1-16,1
2005-1-17,1
2005-1-19,4
2005-1-21,1
2005-1-24,1
2005-1-27,2
2005-1-31,4
2005-1-5,1
2005-1-6,1
2005-1-7,1
2005-10-15,1
2005-10-17,2
2005-10-18,1
2005-10-19,1
2005-10-20,1
2005-10-22,2
2005-10-26,1
2005-10-29,4
2005-11-14,1
2005-11-15,1
2005-11-16,1
2005-11-2,1
2005-11-23,1
2005-12-16,1
2005-12-25,1
2005-12-28,1
2005-2-11,1
2005-2-13,1
2005-2-24,1
2005-2-8,1
2005-3-1,1
2005-3-11,2
2005-3-14,1
2005-3-7,1
2005-3-9,2
2005-4-10,1
2005-4-12,2
2005-4-2,2
2005-4-20,1
2005-4-28,4
2005-4-6,1
2005-4-7,1
2005-5-1,1
2005-5-10,1
2005-5-11,1
2005-5-12,1
2005-5-14,1
2005-5-17,1
2005-5-19,1
2005-5-22,2
2005-5-23,1
2005-5-28,1
2005-5-3,2
2005-5-4,1
2005-6-1,1
2005-6-11,1
2005-6-13,1
2005-6-16,1
2005-6-17,1
2005-6-19,1
2005-6-2,1
2005-6-21,1
2005-6-22,1
2005-6-28,2
2005-6-3,1
2005-6-30,2
2005-7-10,1
2005-7-19,1
2005-7-2,1
2005-7-20,1
2005-7-28,1
2005-7-29,2
2005-7-3,1
2005-7-5,2
2005-7-6,2
2005-7-7,1
2005-7-9,1
2005-8-10,1
2005-8-11,2
2005-8-12,2
2005-8-14,1
2005-8-15,3
2005-8-18,1
2005-8-2,4
2005-8-22,1
2005-8-27,1
2005-8-3,2
2005-8-30,2
2005-8-6,2
2005-8-7,10
2005-8-8,1
2005-8-9,1
2005-9-12,1
2005-9-25,1
2005-9-29,1
2005-9-4,1
2005-9-5,1
2005-9-9,2
2006-1-16,1
2006-1-20,2
2006-1-21,5
2006-1-22,3
2006-1-23,2
2006-1-24,1
2006-1-25,2
2006-1-30,1
2006-10-15,1
2006-10-17,3
2006-10-2,1
2006-10-24,1
2006-10-28,3
2006-10-4,1
2006-10-5,1
2006-10-6,2
2006-11-10,2
2006-11-12,1
2006-11-14,1
2006-11-15,1
2006-11-16,1
2006-11-18,1
2006-11-20,1
2006-11-21,1
2006-11-22,2
2006-11-23,1
2006-11-28,2
2006-11-5,1
2006-11-6,1
2006-12-10,1
2006-12-2,1
2006-12-21,1
2006-12-29,1
2006-12-3,2
2006-12-31,1
2006-2-10,2
2006-2-14,3
2006-2-18,1
2006-2-19,3
2006-2-2,1
2006-2-21,1
2006-2-25,1
2006-2-26,1
2006-2-28,2
2006-2-6,2
2006-2-9,2
2006-3-14,1
2006-3-18,1
2006-3-25,1
2006-3-7,1
2006-4-10,5
2006-4-11,2
2006-4-12,2
2006-4-14,8
2006-4-15,1
2006-4-16,1
2006-4-2,2
2006-4-25,1
2006-4-27,1
2006-4-3,1
2006-4-30,1
2006-4-4,2
2006-4-5,1
2006-4-7,2
2006-4-9,1
2006-5-1,4
2006-5-11,1
2006-5-13,2
2006-5-16,1
2006-5-20,1
2006-5-21,1
2006-5-22,1
2006-5-23,1
2006-5-25,1
2006-5-31,1
2006-6-1,1
2006-6-12,3
2006-6-15,1
2006-6-22,1
2006-6-23,2
2006-6-24,1
2006-6-8,1
2006-7-11,1
2006-7-12,1
2006-7-13,1
2006-7-17,1
2006-7-26,1
2006-7-27,1
2006-7-3,2
2006-7-31,1
2006-7-8,1
2006-8-1,2
2006-8-12,1
2006-8-16,1
2006-8-18,3
2006-8-19,1
2006-8-2,1
2006-8-6,2
2006-8-7,4
2006-8-9,1
2006-9-1,1
2006-9-12,1
2006-9-25,1
2006-9-27,2
2006-9-28,1
2006-9-29,1
2006-9-8,1
2007-1-13,1
2007-1-17,1
2007-1-20,1
2007-1-22,1
2007-1-23,2
2007-1-24,3
2007-1-25,2
2007-1-28,1
2007-1-5,1
2007-1-6,1
2007-1-8,1
2007-1-9,1
2007-10-1,3
2007-10-11,3
2007-10-14,1
2007-10-27,2
2007-10-28,1
2007-10-29,1
2007-11-1,1
2007-11-10,1
2007-11-11,3
2007-11-12,1
2007-11-14,1
2007-11-16,1
2007-11-19,1
2007-11-2,2
2007-11-20,2
2007-11-24,4
2007-11-25,4
2007-11-27,1
2007-11-28,1
2007-11-29,1
2007-11-3,3
2007-11-4,1
2007-11-6,2
2007-11-9,1
2007-12-12,1
2007-12-13,1
2007-2-15,1
2007-2-19,1
2007-2-2,2
2007-2-24,1
2007-2-4,1
2007-2-5,1
2007-2-8,2
2007-2-9,2
2007-3-14,1
2007-3-15,1
2007-3-16,1
2007-3-19,1
2007-3-30,1
2007-4-11,1
2007-4-15,1
2007-4-17,1
2007-4-26,1
2007-4-3,2
2007-4-4,1
2007-4-7,1
2007-4-8,2
2007-4-9,1
2007-5-15,1
2007-5-18,2
2007-5-21,1
2007-5-22,1
2007-5-26,1
2007-5-28,1
2007-5-31,1
2007-6-1,2
2007-6-11,1
2007-6-13,2
2007-6-15,2
2007-6-2,1
2007-6-24,1
2007-6-3,2
2007-6-4,3
2007-6-5,2
2007-6-6,1
2007-6-7,4
2007-6-8,3
2007-6-9,5
2007-7-1,1
2007-7-15,1
2007-7-18,2
2007-7-21,1
2007-7-26,1
2007-7-5,1
2007-7-9,2
2007-8-10,1
2007-8-13,1
2007-8-15,1
2007-8-25,1
2007-8-27,1
2007-8-29,1
2007-8-5,3
2007-9-1,2
2007-9-23,2
2007-9-26,1
2007-9-30,1
2007-9-7,1
2008-1-1,4
2008-1-2,2
2008-1-22,2
2008-1-23,1
2008-1-29,1
2008-1-31,1
2008-1-5,1
2008-1-9,1
2008-10-1,2
2008-10-10,2
2008-10-11,1
2008-10-12,2
2008-10-13,1
2008-10-14,1
2008-10-15,4
2008-10-18,2
2008-10-19,1
2008-10-2,3
2008-10-21,2
2008-10-22,1
2008-10-23,4
2008-10-26,1
2008-10-27,1
2008-10-28,1
2008-10-29,1
2008-10-3,4
2008-10-30,6
2008-10-31,1
2008-10-4,1
2008-10-5,1
2008-10-7,1
2008-10-8,2
2008-11-10,3
2008-11-11,1
2008-11-12,2
2008-11-13,2
2008-11-14,6
2008-11-15,2
2008-11-16,3
2008-11-17,2
2008-11-2,2
2008-11-20,3
2008-11-21,3
2008-11-22,4
2008-11-24,1
2008-11-25,2
2008-11-26,8
2008-11-27,3
2008-11-28,3
2008-11-29,2
2008-11-3,2
2008-11-30,1
2008-11-4,4
2008-11-5,1
2008-11-9,4
2008-12-1,3
2008-12-10,2
2008-12-11,3
2008-12-12,3
2008-12-13,2
2008-12-14,1
2008-12-17,3
2008-12-18,1
2008-12-2,3
2008-12-20,1
2008-12-21,2
2008-12-22,2
2008-12-23,2
2008-12-24,2
2008-12-25,2
2008-12-26,2
2008-12-27,1
2008-12-28,1
2008-12-29,1
2008-12-4,1
2008-12-5,3
2008-12-6,3
2008-12-7,2
2008-12-8,3
2008-12-9,1
2008-2-15,1
2008-2-2,1
2008-2-23,1
2008-3-1,1
2008-3-10,1
2008-3-11,1
2008-3-15,1
2008-3-16,3
2008-3-19,2
2008-3-24,1
2008-3-25,1
2008-3-29,1
2008-3-6,1
2008-3-7,1
2008-3-8,3
2008-3-9,2
2008-4-1,2
2008-4-10,2
2008-4-11,1
2008-4-12,1
2008-4-13,3
2008-4-14,1
2008-4-15,2
2008-4-16,1
2008-4-19,4
2008-4-2,1
2008-4-20,2
2008-4-21,1
2008-4-22,2
2008-4-24,2
2008-4-26,2
2008-4-27,2
2008-4-29,1
2008-4-3,2
2008-4-30,2
2008-4-4,5
2008-4-7,1
2008-4-8,2
2008-4-9,1
2008-5-1,1
2008-5-10,3
2008-5-11,4
2008-5-12,1
2008-5-13,2
2008-5-14,3
2008-5-15,4
2008-5-16,2
2008-5-17,1
2008-5-18,4
2008-5-19,2
2008-5-20,1
2008-5-21,3
2008-5-22,3
2008-5-23,2
2008-5-24,1
2008-5-25,2
2008-5-26,1
2008-5-27,3
2008-5-28,1
2008-5-3,2
2008-5-30,1
2008-5-4,1
2008-5-6,2
2008-5-7,1
2008-5-8,2
2008-5-9,1
2008-6-11,3
2008-6-12,2
2008-6-13,1
2008-6-14,1
2008-6-15,1
2008-6-16,2
2008-6-18,1
2008-6-19,2
2008-6-2,3
2008-6-20,2
2008-6-21,4
2008-6-22,4
2008-6-23,1
2008-6-26,3
2008-6-27,2
2008-6-29,4
2008-6-3,1
2008-6-30,1
2008-6-4,3
2008-6-5,5
2008-6-7,1
2008-6-8,1
2008-6-9,4
2008-7-1,3
2008-7-10,4
2008-7-11,5
2008-7-12,1
2008-7-14,2
2008-7-15,1
2008-7-16,1
2008-7-17,3
2008-7-19,1
2008-7-2,6
2008-7-20,1
2008-7-21,1
2008-7-24,2
2008-7-25,8
2008-7-27,6
2008-7-28,1
2008-7-29,27
2008-7-3,3
2008-7-30,2
2008-7-31,2
2008-7-4,1
2008-7-5,3
2008-7-9,1
2008-8-11,2
2008-8-13,1
2008-8-14,4
2008-8-15,4
2008-8-16,2
2008-8-17,1
2008-8-18,2
2008-8-2,2
2008-8-20,2
2008-8-21,1
2008-8-22,1
2008-8-23,3
2008-8-24,1
2008-8-25,2
2008-8-27,2
2008-8-28,1
2008-8-29,1
2008-8-3,2
2008-8-4,2
2008-8-5,3
2008-8-6,2
2008-8-7,3
2008-9-1,2
2008-9-11,3
2008-9-12,1
2008-9-13,7
2008-9-14,1
2008-9-16,1
2008-9-17,1
2008-9-18,3
2008-9-19,1
2008-9-20,3
2008-9-22,1
2008-9-24,1
2008-9-25,2
2008-9-26,1
2008-9-27,1
2008-9-28,3
2008-9-29,2
2008-9-30,5
2008-9-4,1
2008-9-6,1
2008-9-9,1
2009-1-1,3
2009-1-10,3
2009-1-11,1
2009-1-12,2
2009-1-14,1
2009-1-15,1
2009-1-16,2
2009-1-17,1
2009-1-18,2
2009-1-22,4
2009-1-23,1
2009-1-24,2
2009-1-25,3
2009-1-27,1
2009-1-29,1
2009-1-31,1
2009-1-4,2
2009-1-5,1
2009-1-7,3
2009-1-9,2
2009-10-1,1
2009-10-10,1
2009-10-11,3
2009-10-12,11
2009-10-13,16
2009-10-15,4
2009-10-16,2
2009-10-18,1
2009-10-19,1
2009-10-2,2
2009-10-20,1
2009-10-21,4
2009-10-23,1
2009-10-24,1
2009-10-25,3
2009-10-27,9
2009-10-28,5
2009-10-29,7
2009-10-3,3
2009-10-30,2
2009-10-31,6
2009-10-4,2
2009-10-6,1
2009-10-7,2
2009-10-8,2
2009-10-9,4
2009-11-1,4
2009-11-10,3
2009-11-13,2
2009-11-19,5
2009-11-22,2
2009-11-24,1
2009-11-26,2
2009-11-29,3
2009-11-3,2
2009-11-30,2
2009-11-4,2
2009-11-5,2
2009-11-6,3
2009-11-7,2
2009-11-8,3
2009-11-9,2
2009-12-1,2
2009-12-10,5
2009-12-11,1
2009-12-14,1
2009-12-17,1
2009-12-19,2
2009-12-2,2
2009-12-20,1
2009-12-27,3
2009-12-28,1
2009-12-3,1
2009-12-4,3
2009-12-6,1
2009-12-7,2
2009-12-8,3
2009-2-10,1
2009-2-13,2
2009-2-15,1
2009-2-16,2
2009-2-22,4
2009-2-23,1
2009-2-24,1
2009-2-26,4
2009-2-27,2
2009-2-28,3
2009-2-3,1
2009-2-4,1
2009-2-5,1
2009-2-9,1
2009-3-1,1
2009-3-10,1
2009-3-11,2
2009-3-12,1
2009-3-13,1
2009-3-17,8
2009-3-18,3
2009-3-19,5
2009-3-21,1
2009-3-22,1
2009-3-23,1
2009-3-24,2
2009-3-25,6
2009-3-27,1
2009-3-28,3
2009-3-29,2
2009-3-3,1
2009-3-30,3
2009-3-31,5
2009-3-9,1
2009-4-10,5
2009-4-11,2
2009-4-12,6
2009-4-13,3
2009-4-14,4
2009-4-15,4
2009-4-16,12
2009-4-17,1
2009-4-18,3
2009-4-19,5
2009-4-2,4
2009-4-20,3
2009-4-21,7
2009-4-22,4
2009-4-23,4
2009-4-24,2
2009-4-25,1
2009-4-26,2
2009-4-27,2
2009-4-29,4
2009-4-3,2
2009-4-30,1
2009-4-4,1
2009-4-6,4
2009-4-7,2
2009-4-8,5
2009-4-9,2
2009-5-11,6
2009-5-12,1
2009-5-13,7
2009-5-15,2
2009-5-16,4
2009-5-17,2
2009-5-18,2
2009-5-19,4
2009-5-2,2
2009-5-20,1
2009-5-21,4
2009-5-22,1
2009-5-23,2
2009-5-24,1
2009-5-28,4
2009-5-29,5
2009-5-3,1
2009-5-30,2
2009-5-31,2
2009-5-4,2
2009-5-5,5
2009-5-6,2
2009-5-7,4
2009-5-8,4
2009-5-9,1
2009-6-1,2
2009-6-10,2
2009-6-12,3
2009-6-13,3
2009-6-14,4
2009-6-15,12
2009-6-16,4
2009-6-17,6
2009-6-18,2
2009-6-19,4
2009-6-20,5
2009-6-22,1
2009-6-23,8
2009-6-25,1
2009-6-26,1
2009-6-27,1
2009-6-28,1
2009-6-3,6
2009-6-4,3
2009-6-5,3
2009-6-7,4
2009-6-8,7
2009-6-9,1
2009-7-10,5
2009-7-11,1
2009-7-12,2
2009-7-13,5
2009-7-15,3
2009-7-16,1
2009-7-17,1
2009-7-18,3
2009-7-2,1
2009-7-21,1
2009-7-22,2
2009-7-23,4
2009-7-24,3
2009-7-26,1
2009-7-28,4
2009-7-29,3
2009-7-3,2
2009-7-30,6
2009-7-31,1
2009-7-4,3
2009-7-6,1
2009-7-7,1
2009-7-8,3
2009-7-9,2
2009-8-1,3
2009-8-10,1
2009-8-11,1
2009-8-17,1
2009-8-18,1
2009-8-19,2
2009-8-2,2
2009-8-20,2
2009-8-21,2
2009-8-22,2
2009-8-23,1
2009-8-24,3
2009-8-25,11
2009-8-26,3
2009-8-27,1
2009-8-29,1
2009-8-3,2
2009-8-30,2
2009-8-31,1
2009-8-4,1
2009-8-5,3
2009-8-6,1
2009-8-8,1
2009-8-9,3
2009-9-1,2
2009-9-10,5
2009-9-12,1
2009-9-13,1
2009-9-14,1
2009-9-15,1
2009-9-16,1
2009-9-18,4
2009-9-19,1
2009-9-2,1
2009-9-21,1
2009-9-22,1
2009-9-23,1
2009-9-25,1
2009-9-26,1
2009-9-27,1
2009-9-28,1
2009-9-29,2
2009-9-30,2
2009-9-4,3
2009-9-6,2
2009-9-7,3
2009-9-9,1
2010-1-15,2
2010-1-17,3
2010-1-18,2
2010-1-19,2
2010-1-20,2
2010-1-21,6
2010-1-22,1
2010-1-23,3
2010-1-24,5
2010-1-25,9
2010-1-26,2
2010-1-27,3
2010-1-28,2
2010-1-29,5
2010-1-31,2
2010-1-7,2
2010-10-12,2
2010-10-13,3
2010-10-14,1
2010-10-17,1
2010-10-18,3
2010-10-19,3
2010-10-2,4
2010-10-20,1
2010-10-21,2
2010-10-22,4
2010-10-23,2
2010-10-24,3
2010-10-25,2
2010-10-26,2
2010-10-27,1
2010-10-28,2
2010-10-3,1
2010-10-30,1
2010-10-4,1
2010-10-5,1
2010-10-6,2
2010-10-7,1
2010-10-8,2
2010-10-9,3
2010-11-1,3
2010-11-10,3
2010-11-11,4
2010-11-12,3
2010-11-14,2
2010-11-15,2
2010-11-16,1
2010-11-17,3
2010-11-18,1
2010-11-19,2
2010-11-20,3
2010-11-21,3
2010-11-22,1
2010-11-23,4
2010-11-24,1
2010-11-25,3
2010-11-26,2
2010-11-27,1
2010-11-28,2
2010-11-3,2
2010-11-30,2
2010-11-4,1
2010-11-5,2
2010-11-6,1
2010-11-7,8
2010-11-8,13
2010-11-9,2
2010-12-1,3
2010-12-10,2
2010-12-11,1
2010-12-13,1
2010-12-14,1
2010-12-16,2
2010-12-17,2
2010-12-18,1
2010-12-19,3
2010-12-2,7
2010-12-20,1
2010-12-21,5
2010-12-22,1
2010-12-23,1
2010-12-24,8
2010-12-25,4
2010-12-26,1
2010-12-27,1
2010-12-29,1
2010-12-3,2
2010-12-30,2
2010-12-4,2
2010-12-5,1
2010-12-6,2
2010-12-7,6
2010-12-8,1
2010-12-9,2
2010-2-1,2
2010-2-10,6
2010-2-11,2
2010-2-13,4
2010-2-14,3
2010-2-15,2
2010-2-17,1
2010-2-18,1
2010-2-19,2
2010-2-2,2
2010-2-21,2
2010-2-22,2
2010-2-23,5
2010-2-25,1
2010-2-27,1
2010-2-3,2
2010-2-4,1
2010-2-6,2
2010-2-7,3
2010-2-8,2
2010-2-9,2
2010-3-1,3
2010-3-10,1
2010-3-11,1
2010-3-12,1
2010-3-13,1
2010-3-16,2
2010-3-17,2
2010-3-18,5
2010-3-19,1
2010-3-2,1
2010-3-20,3
2010-3-21,3
2010-3-22,6
2010-3-23,9
2010-3-24,2
2010-3-25,5
2010-3-26,1
2010-3-28,2
2010-3-30,3
2010-3-5,1
2010-3-6,1
2010-3-7,2
2010-3-9,1
2010-4-1,2
2010-4-10,5
2010-4-11,2
2010-4-12,4
2010-4-14,2
2010-4-15,7
2010-4-17,2
2010-4-19,3
2010-4-20,3
2010-4-21,1
2010-4-22,4
2010-4-23,1
2010-4-24,5
2010-4-25,2
2010-4-26,1
2010-4-27,2
2010-4-28,5
2010-4-29,2
2010-4-30,2
2010-4-4,2
2010-4-5,2
2010-4-6,1
2010-4-7,1
2010-4-8,1
2010-4-9,2
2010-5-1,2
2010-5-10,3
2010-5-11,1
2010-5-12,3
2010-5-13,2
2010-5-14,3
2010-5-15,3
2010-5-16,1
2010-5-17,2
2010-5-18,4
2010-5-19,2
2010-5-2,4
2010-5-20,1
2010-5-21,1
2010-5-22,2
2010-5-23,4
2010-5-25,3
2010-5-26,4
2010-5-27,2
2010-5-28,2
2010-5-3,1
2010-5-30,1
2010-5-31,1
2010-5-4,3
2010-5-5,1
2010-5-6,3
2010-5-7,1
2010-5-8,2
2010-5-9,1
2010-6-1,1
2010-6-12,2
2010-6-13,1
2010-6-14,4
2010-6-16,1
2010-6-17,1
2010-6-18,1
2010-6-19,2
2010-6-2,1
2010-6-20,1
2010-6-23,1
2010-6-24,2
2010-6-25,1
2010-6-26,2
2010-6-28,2
2010-6-29,2
2010-6-30,4
2010-6-5,3
2010-6-8,2
2010-6-9,1
2010-7-1,4
2010-7-10,2
2010-7-12,2
2010-7-13,7
2010-7-14,2
2010-7-15,4
2010-7-16,2
2010-7-17,2
2010-7-19,2
2010-7-2,2
2010-7-21,2
2010-7-22,1
2010-7-23,2
2010-7-26,1
2010-7-27,1
2010-7-29,1
2010-7-3,1
2010-7-30,1
2010-7-4,1
2010-7-5,2
2010-7-6,3
2010-7-7,1
2010-7-8,6
2010-7-9,2
2010-8-1,1
2010-8-11,1
2010-8-12,2
2010-8-13,4
2010-8-14,2
2010-8-16,1
2010-8-17,2
2010-8-18,2
2010-8-2,1
2010-8-20,1
2010-8-21,1
2010-8-22,1
2010-8-23,2
2010-8-26,1
2010-8-28,1
2010-8-29,4
2010-8-3,1
2010-8-30,2
2010-8-4,5
2010-8-6,1
2010-8-7,1
2010-9-1,1
2010-9-11,1
2010-9-12,4
2010-9-13,4
2010-9-14,4
2010-9-15,1
2010-9-16,4
2010-9-18,4
2010-9-19,4
2010-9-2,1
2010-9-20,4
2010-9-21,2
2010-9-22,4
2010-9-23,3
2010-9-24,3
2010-9-25,2
2010-9-26,1
2010-9-27,1
2010-9-29,2
2010-9-3,1
2010-9-4,1
2010-9-5,1
2010-9-6,1
2010-9-7,2
2010-9-8,3
2010-9-9,2
2011-1-10,1
2011-1-11,3
2011-1-12,1
2011-1-13,1
2011-1-15,2
2011-1-16,2
2011-1-17,3
2011-1-18,2
2011-1-19,1
2011-1-20,1
2011-1-21,2
2011-1-23,1
2011-1-24,1
2011-1-25,4
2011-1-26,2
2011-1-27,1
2011-1-28,1
2011-1-30,2
2011-1-31,3
2011-1-4,3
2011-1-6,3
2011-1-7,1
2011-1-8,2
2011-1-9,1
2011-10-1,3
2011-10-11,1
2011-10-14,1
2011-10-15,1
2011-10-16,3
2011-10-17,1
2011-10-18,5
2011-10-19,1
2011-10-2,4
2011-10-20,4
2011-10-22,2
2011-10-24,1
2011-10-25,3
2011-10-26,5
2011-10-27,1
2011-10-3,1
2011-10-30,3
2011-10-31,3
2011-10-7,2
2011-11-1,3
2011-11-12,1
2011-11-14,2
2011-11-16,4
2011-11-19,1
2011-11-2,1
2011-11-21,1
2011-11-23,1
2011-11-24,1
2011-11-25,1
2011-11-26,1
2011-11-27,2
2011-11-29,1
2011-11-3,2
2011-11-30,3
2011-11-5,3
2011-11-6,2
2011-11-7,1
2011-11-8,1
2011-11-9,2
2011-12-1,2
2011-12-10,2
2011-12-11,1
2011-12-15,1
2011-12-16,3
2011-12-17,2
2011-12-18,1
2011-12-2,2
2011-12-20,1
2011-12-21,2
2011-12-23,1
2011-12-25,1
2011-12-27,2
2011-12-4,4
2011-12-5,7
2011-12-6,2
2011-12-7,3
2011-12-8,2
2011-12-9,3
2011-2-1,3
2011-2-10,5
2011-2-11,3
2011-2-12,2
2011-2-13,1
2011-2-14,2
2011-2-15,1
2011-2-16,4
2011-2-17,2
2011-2-18,3
2011-2-2,4
2011-2-20,1
2011-2-21,1
2011-2-22,2
2011-2-23,1
2011-2-25,1
2011-2-26,2
2011-2-27,1
2011-2-28,3
2011-2-3,2
2011-2-4,1
2011-2-5,3
2011-2-6,4
2011-2-7,5
2011-2-8,1
2011-2-9,2
2011-3-1,5
2011-3-10,1
2011-3-12,2
2011-3-14,13
2011-3-15,1
2011-3-17,5
2011-3-18,1
2011-3-19,1
2011-3-2,2
2011-3-20,2
2011-3-21,3
2011-3-22,2
2011-3-23,1
2011-3-24,3
2011-3-25,2
2011-3-27,2
2011-3-28,2
2011-3-3,3
2011-3-30,4
2011-3-4,1
2011-3-5,1
2011-3-7,2
2011-4-1,2
2011-4-10,3
2011-4-11,1
2011-4-12,4
2011-4-13,1
2011-4-14,2
2011-4-15,2
2011-4-16,4
2011-4-17,5
2011-4-18,3
2011-4-19,2
2011-4-2,4
2011-4-20,7
2011-4-24,1
2011-4-25,4
2011-4-26,3
2011-4-28,2
2011-4-29,1
2011-4-3,2
2011-4-30,4
2011-4-4,5
2011-4-5,3
2011-4-6,4
2011-4-7,2
2011-4-8,3
2011-4-9,2
2011-5-1,1
2011-5-10,4
2011-5-12,2
2011-5-13,1
2011-5-14,2
2011-5-15,5
2011-5-16,3
2011-5-17,7
2011-5-18,1
2011-5-19,4
2011-5-2,4
2011-5-20,1
2011-5-21,5
2011-5-22,2
2011-5-23,1
2011-5-25,4
2011-5-27,3
2011-5-29,1
2011-5-3,4
2011-5-31,5
2011-5-4,2
2011-5-5,3
2011-5-6,3
2011-5-8,10
2011-5-9,1
2011-6-1,4
2011-6-11,1
2011-6-14,1
2011-6-15,1
2011-6-16,8
2011-6-17,1
2011-6-2,2
2011-6-20,2
2011-6-21,1
2011-6-22,2
2011-6-24,3
2011-6-25,1
2011-6-26,2
2011-6-27,2
2011-6-28,1
2011-6-29,3
2011-6-3,2
2011-6-30,5
2011-6-4,2
2011-6-5,1
2011-6-6,1
2011-6-7,1
2011-6-8,4
2011-6-9,1
2011-7-1,1
2011-7-10,1
2011-7-11,1
2011-7-12,1
2011-7-13,3
2011-7-15,1
2011-7-16,2
2011-7-17,1
2011-7-19,1
2011-7-2,1
2011-7-20,1
2011-7-21,3
2011-7-22,3
2011-7-23,1
2011-7-24,1
2011-7-27,5
2011-7-28,2
2011-7-30,2
2011-7-31,1
2011-7-4,1
2011-7-5,1
2011-7-6,2
2011-7-7,5
2011-7-8,2
2011-8-1,5
2011-8-10,2
2011-8-11,4
2011-8-12,3
2011-8-13,2
2011-8-14,5
2011-8-15,2
2011-8-16,5
2011-8-17,3
2011-8-18,2
2011-8-19,3
2011-8-2,1
2011-8-21,1
2011-8-22,3
2011-8-24,3
2011-8-25,2
2011-8-27,1
2011-8-28,2
2011-8-29,2
2011-8-3,2
2011-8-4,5
2011-8-5,1
2011-8-8,1
2011-9-10,2
2011-9-11,1
2011-9-13,4
2011-9-14,1
2011-9-15,1
2011-9-16,1
2011-9-17,1
2011-9-19,1
2011-9-2,3
2011-9-20,2
2011-9-21,2
2011-9-22,1
2011-9-23,2
2011-9-24,1
2011-9-25,1
2011-9-27,4
2011-9-28,2
2011-9-29,1
2011-9-5,3
2011-9-7,6
2011-9-9,1
2012-1-1,1
2012-1-10,6
2012-1-11,1
2012-1-12,1
2012-1-14,1
2012-1-16,2
2012-1-19,1
2012-1-2,1
2012-1-21,3
2012-1-22,2
2012-1-24,3
2012-1-25,1
2012-1-26,4
2012-1-27,4
2012-1-28,6
2012-1-29,1
2012-1-3,1
2012-1-4,2
2012-1-5,1
2012-1-6,1
2012-1-7,4
2012-1-8,3
2012-1-9,2
2012-10-1,2
2012-10-10,1
2012-10-13,3
2012-10-14,1
2012-10-15,3
2012-10-16,1
2012-10-17,3
2012-10-18,1
2012-10-19,2
2012-10-2,3
2012-10-20,4
2012-10-21,2
2012-10-22,1
2012-10-24,2
2012-10-26,3
2012-10-28,2
2012-10-29,3
2012-10-3,2
2012-10-30,1
2012-10-31,1
2012-10-4,2
2012-10-5,1
2012-10-6,4
2012-10-7,5
2012-10-8,4
2012-10-9,1
2012-11-1,1
2012-11-10,1
2012-11-11,2
2012-11-12,2
2012-11-13,1
2012-11-14,1
2012-11-15,1
2012-11-16,3
2012-11-17,2
2012-11-18,1
2012-11-19,1
2012-11-20,2
2012-11-21,2
2012-11-22,2
2012-11-23,3
2012-11-24,3
2012-11-25,2
2012-11-26,2
2012-11-27,3
2012-11-28,2
2012-11-29,1
2012-11-3,5
2012-11-4,1
2012-11-6,2
2012-11-7,3
2012-11-8,2
2012-11-9,3
2012-12-1,1
2012-12-11,1
2012-12-13,1
2012-12-16,1
2012-12-17,1
2012-12-18,2
2012-12-19,2
2012-12-21,1
2012-12-22,1
2012-12-26,1
2012-12-27,2
2012-12-28,1
2012-12-31,1
2012-12-4,1
2012-12-5,1
2012-12-7,3
2012-12-8,1
2012-12-9,1
2012-2-1,1
2012-2-10,3
2012-2-11,1
2012-2-13,1
2012-2-16,1
2012-2-17,1
2012-2-18,1
2012-2-19,1
2012-2-20,1
2012-2-21,1
2012-2-23,3
2012-2-24,1
2012-2-25,2
2012-2-26,4
2012-2-28,2
2012-2-29,1
2012-2-4,2
2012-2-7,1
2012-2-9,3
2012-3-1,1
2012-3-10,2
2012-3-11,1
2012-3-13,1
2012-3-14,1
2012-3-15,2
2012-3-16,1
2012-3-18,3
2012-3-2,1
2012-3-20,2
2012-3-21,2
2012-3-22,5
2012-3-24,2
2012-3-25,1
2012-3-26,1
2012-3-27,2
2012-3-29,2
2012-3-3,6
2012-3-30,3
2012-3-31,3
2012-3-4,1
2012-3-5,1
2012-3-9,1
2012-4-11,3
2012-4-12,2
2012-4-13,3
2012-4-14,3
2012-4-17,1
2012-4-18,2
2012-4-19,2
2012-4-20,3
2012-4-21,3
2012-4-22,1
2012-4-23,1
2012-4-24,3
2012-4-25,1
2012-4-26,4
2012-4-29,2
2012-4-5,4
2012-4-7,2
2012-5-1,1
2012-5-10,1
2012-5-11,3
2012-5-12,1
2012-5-13,4
2012-5-14,8
2012-5-16,3
2012-5-17,3
2012-5-18,2
2012-5-19,6
2012-5-2,5
2012-5-20,2
2012-5-21,2
2012-5-22,3
2012-5-23,3
2012-5-24,1
2012-5-25,2
2012-5-27,3
2012-5-29,2
2012-5-30,1
2012-5-31,1
2012-5-4,3
2012-5-5,1
2012-5-7,2
2012-5-8,1
2012-5-9,1
2012-6-1,1
2012-6-10,5
2012-6-11,8
2012-6-12,1
2012-6-14,1
2012-6-15,4
2012-6-16,1
2012-6-17,1
2012-6-18,1
2012-6-19,1
2012-6-2,6
2012-6-20,1
2012-6-24,1
2012-6-25,2
2012-6-26,1
2012-6-27,3
2012-6-28,3
2012-6-3,3
2012-6-5,4
2012-6-6,1
2012-6-7,5
2012-6-8,2
2012-6-9,14
2012-7-1,2
2012-7-10,2
2012-7-11,2
2012-7-12,2
2012-7-13,1
2012-7-15,1
2012-7-16,3
2012-7-18,2
2012-7-2,2
2012-7-20,4
2012-7-21,2
2012-7-23,4
2012-7-24,3
2012-7-25,2
2012-7-27,1
2012-7-28,1
2012-7-29,2
2012-7-3,1
2012-7-30,3
2012-7-31,3
2012-7-4,5
2012-7-5,2
2012-7-6,1
2012-7-7,2
2012-7-8,3
2012-7-9,1
2012-8-1,10
2012-8-10,2
2012-8-11,1
2012-8-12,1
2012-8-13,5
2012-8-15,4
2012-8-19,1
2012-8-2,3
2012-8-20,2
2012-8-21,2
2012-8-23,2
2012-8-24,4
2012-8-25,1
2012-8-26,4
2012-8-28,2
2012-8-29,2
2012-8-31,1
2012-8-4,3
2012-8-5,1
2012-8-6,3
2012-8-7,4
2012-8-8,2
2012-8-9,2
2012-9-1,2
2012-9-10,1
2012-9-11,1
2012-9-12,1
2012-9-13,1
2012-9-14,3
2012-9-15,1
2012-9-17,1
2012-9-19,3
2012-9-20,5
2012-9-21,2
2012-9-22,1
2012-9-23,3
2012-9-24,2
2012-9-25,4
2012-9-26,1
2012-9-27,2
2012-9-28,3
2012-9-29,4
2012-9-3,4
2012-9-30,1
2012-9-4,1
2012-9-5,1
2012-9-6,1
2012-9-7,1
2012-9-8,3
2012-9-9,1
2013-1-1,1
2013-1-10,2
2013-1-11,1
2013-1-12,4
2013-1-13,1
2013-1-14,1
2013-1-18,3
2013-1-20,1
2013-1-21,2
2013-1-22,1
2013-1-23,1
2013-1-24,6
2013-1-25,6
2013-1-26,11
2013-1-27,1
2013-1-28,1
2013-1-29,1
2013-1-31,1
2013-1-4,1
2013-1-6,4
2013-1-7,1
2013-1-8,3
2013-1-9,2
2013-10-11,2
2013-10-12,1
2013-10-14,4
2013-10-17,2
2013-10-18,1
2013-10-19,2
2013-10-2,1
2013-10-20,3
2013-10-21,1
2013-10-22,1
2013-10-23,2
2013-10-24,2
2013-10-25,2
2013-10-27,9
2013-10-29,6
2013-10-3,1
2013-10-30,3
2013-10-31,1
2013-10-6,4
2013-10-7,1
2013-10-8,2
2013-10-9,2
2013-11-1,1
2013-11-10,6
2013-11-11,11
2013-11-12,4
2013-11-13,2
2013-11-14,1
2013-11-15,2
2013-11-16,3
2013-11-18,3
2013-11-19,2
2013-11-2,4
2013-11-20,7
2013-11-22,2
2013-11-23,6
2013-11-24,2
2013-11-25,2
2013-11-26,4
2013-11-27,2
2013-11-28,2
2013-11-29,1
2013-11-3,2
2013-11-30,1
2013-11-4,1
2013-11-5,1
2013-11-6,3
2013-11-7,5
2013-11-8,3
2013-11-9,4
2013-12-10,1
2013-12-11,6
2013-12-12,3
2013-12-13,2
2013-12-14,2
2013-12-15,4
2013-12-16,1
2013-12-17,1
2013-12-18,1
2013-12-19,3
2013-12-2,1
2013-12-20,2
2013-12-21,1
2013-12-22,3
2013-12-23,1
2013-12-25,1
2013-12-26,2
2013-12-27,3
2013-12-28,2
2013-12-29,11
2013-12-3,2
2013-12-30,1
2013-12-31,2
2013-12-4,3
2013-12-5,2
2013-12-6,7
2013-12-7,3
2013-12-9,2
2013-2-1,1
2013-2-10,7
2013-2-11,2
2013-2-12,1
2013-2-13,1
2013-2-14,3
2013-2-15,3
2013-2-16,3
2013-2-17,1
2013-2-19,1
2013-2-2,2
2013-2-20,3
2013-2-21,2
2013-2-22,1
2013-2-24,3
2013-2-25,3
2013-2-26,5
2013-2-27,3
2013-2-3,2
2013-2-5,2
2013-2-6,1
2013-2-8,1
2013-2-9,1
2013-3-11,3
2013-3-13,4
2013-3-15,2
2013-3-18,1
2013-3-19,1
2013-3-2,2
2013-3-20,1
2013-3-21,1
2013-3-22,2
2013-3-24,1
2013-3-26,1
2013-3-27,2
2013-3-29,1
2013-3-31,2
2013-3-4,3
2013-3-5,1
2013-3-6,1
2013-3-8,1
2013-3-9,3
2013-4-1,2
2013-4-10,1
2013-4-11,10
2013-4-14,3
2013-4-16,2
2013-4-17,1
2013-4-18,1
2013-4-19,1
2013-4-2,3
2013-4-20,2
2013-4-21,3
2013-4-23,2
2013-4-24,4
2013-4-26,2
2013-4-27,2
2013-4-28,3
2013-4-29,2
2013-4-3,2
2013-4-30,3
2013-4-4,5
2013-4-6,4
2013-4-7,7
2013-4-8,3
2013-4-9,1
2013-5-1,1
2013-5-10,2
2013-5-11,1
2013-5-12,4
2013-5-14,2
2013-5-15,1
2013-5-17,1
2013-5-18,1
2013-5-19,2
2013-5-2,3
2013-5-20,1
2013-5-22,3
2013-5-23,1
2013-5-24,2
2013-5-25,1
2013-5-26,1
2013-5-28,1
2013-5-29,1
2013-5-3,2
2013-5-30,5
2013-5-4,2
2013-5-5,2
2013-5-6,3
2013-5-7,1
2013-5-9,2
2013-6-10,2
2013-6-12,1
2013-6-13,1
2013-6-15,1
2013-6-16,2
2013-6-17,1
2013-6-2,1
2013-6-21,2
2013-6-22,1
2013-6-23,3
2013-6-24,2
2013-6-25,3
2013-6-26,2
2013-6-27,3
2013-6-28,2
2013-6-29,2
2013-6-3,2
2013-6-4,1
2013-6-5,4
2013-6-6,1
2013-6-9,2
2013-7-1,6
2013-7-12,1
2013-7-13,3
2013-7-14,1
2013-7-15,3
2013-7-16,2
2013-7-17,3
2013-7-18,2
2013-7-19,5
2013-7-2,3
2013-7-20,3
2013-7-21,5
2013-7-22,4
2013-7-23,7
2013-7-24,3
2013-7-25,1
2013-7-26,2
2013-7-27,1
2013-7-28,1
2013-7-29,1
2013-7-3,2
2013-7-30,1
2013-7-31,1
2013-7-4,3
2013-7-6,2
2013-7-7,6
2013-7-8,3
2013-7-9,5
2013-8-1,2
2013-8-10,1
2013-8-12,2
2013-8-13,1
2013-8-14,5
2013-8-15,5
2013-8-16,1
2013-8-17,2
2013-8-18,1
2013-8-19,1
2013-8-2,3
2013-8-20,2
2013-8-22,2
2013-8-23,2
2013-8-24,3
2013-8-26,2
2013-8-27,2
2013-8-28,2
2013-8-29,1
2013-8-31,1
2013-8-4,2
2013-8-6,1
2013-8-7,2
2013-8-8,5
2013-8-9,2
2013-9-1,3
2013-9-10,1
2013-9-11,3
2013-9-13,4
2013-9-14,1
2013-9-15,1
2013-9-16,1
2013-9-17,2
2013-9-18,3
2013-9-19,1
2013-9-2,2
2013-9-20,2
2013-9-21,2
2013-9-23,1
2013-9-24,2
2013-9-25,2
2013-9-26,5
2013-9-27,2
2013-9-28,2
2013-9-29,1
2013-9-3,1
2013-9-30,1
2013-9-4,4
2013-9-5,1
2013-9-6,1
2013-9-7,2
2013-9-9,2
2014-1-1,5
2014-1-10,1
2014-1-11,4
2014-1-12,2
2014-1-13,1
2014-1-14,1
2014-1-15,2
2014-1-16,1
2014-1-17,4
2014-1-18,6
2014-1-19,2
2014-1-20,3
2014-1-21,1
2014-1-22,1
2014-1-23,3
2014-1-24,3
2014-1-25,4
2014-1-26,8
2014-1-27,2
2014-1-28,5
2014-1-29,2
2014-1-3,1
2014-1-30,2
2014-1-4,1
2014-1-6,1
2014-1-7,5
2014-1-8,3
2014-1-9,2
2014-10-1,1
2014-10-10,2
2014-10-11,1
2014-10-12,1
2014-10-15,2
2014-10-16,1
2014-10-18,2
2014-10-19,1
2014-10-2,1
2014-10-21,3
2014-10-22,3
2014-10-23,3
2014-10-24,1
2014-10-25,2
2014-10-27,2
2014-10-28,1
2014-10-29,1
2014-10-30,1
2014-10-31,1
2014-10-4,2
2014-10-5,2
2014-10-6,1
2014-10-8,1
2014-10-9,3
2014-11-10,2
2014-11-11,2
2014-11-12,1
2014-11-13,3
2014-11-14,2
2014-11-15,1
2014-11-16,3
2014-11-17,2
2014-11-18,4
2014-11-19,4
2014-11-2,1
2014-11-20,7
2014-11-21,6
2014-11-22,2
2014-11-23,2
2014-11-24,3
2014-11-25,3
2014-11-26,2
2014-11-27,6
2014-11-29,5
2014-11-3,2
2014-11-30,3
2014-11-4,4
2014-11-5,3
2014-11-6,1
2014-11-8,2
2014-12-1,4
2014-12-10,1
2014-12-11,4
2014-12-12,3
2014-12-13,1
2014-12-14,2
2014-12-15,1
2014-12-16,1
2014-12-17,1
2014-12-18,1
2014-12-2,4
2014-12-20,2
2014-12-21,4
2014-12-22,8
2014-12-23,6
2014-12-24,4
2014-12-26,2
2014-12-28,2
2014-12-29,2
2014-12-3,1
2014-12-30,1
2014-12-31,1
2014-12-4,3
2014-12-5,7
2014-12-6,3
2014-12-7,2
2014-12-8,3
2014-12-9,2
2014-2-1,3
2014-2-10,3
2014-2-11,2
2014-2-14,2
2014-2-15,1
2014-2-16,4
2014-2-17,1
2014-2-18,2
2014-2-19,2
2014-2-2,4
2014-2-20,1
2014-2-21,2
2014-2-22,2
2014-2-24,3
2014-2-25,2
2014-2-26,1
2014-2-27,2
2014-2-28,2
2014-2-3,2
2014-2-4,1
2014-2-7,4
2014-2-8,2
2014-2-9,4
2014-3-1,2
2014-3-10,4
2014-3-11,3
2014-3-12,1
2014-3-13,4
2014-3-14,4
2014-3-18,2
2014-3-2,2
2014-3-20,1
2014-3-21,4
2014-3-23,1
2014-3-24,1
2014-3-25,2
2014-3-26,2
2014-3-27,4
2014-3-28,5
2014-3-29,6
2014-3-3,4
2014-3-31,1
2014-3-6,1
2014-3-8,3
2014-3-9,1
2014-4-1,5
2014-4-10,30
2014-4-11,4
2014-4-12,6
2014-4-13,5
2014-4-14,2
2014-4-15,5
2014-4-16,2
2014-4-17,11
2014-4-18,5
2014-4-19,2
2014-4-2,7
2014-4-20,2
2014-4-21,5
2014-4-22,3
2014-4-23,3
2014-4-24,4
2014-4-26,2
2014-4-27,7
2014-4-28,3
2014-4-29,3
2014-4-30,2
2014-4-4,2
2014-4-6,2
2014-4-7,6
2014-4-8,9
2014-4-9,15
2014-5-1,7
2014-5-10,4
2014-5-11,1
2014-5-12,3
2014-5-14,5
2014-5-15,1
2014-5-17,1
2014-5-18,4
2014-5-2,3
2014-5-20,2
2014-5-21,1
2014-5-22,1
2014-5-23,1
2014-5-24,1
2014-5-25,1
2014-5-26,3
2014-5-27,3
2014-5-28,3
2014-5-29,4
2014-5-3,2
2014-5-30,1
2014-5-31,1
2014-5-4,2
2014-5-5,3
2014-5-6,7
2014-5-7,9
2014-5-8,2
2014-6-1,2
2014-6-10,2
2014-6-11,3
2014-6-12,5
2014-6-14,3
2014-6-15,2
2014-6-16,3
2014-6-17,3
2014-6-18,2
2014-6-19,1
2014-6-2,1
2014-6-20,1
2014-6-22,1
2014-6-24,2
2014-6-25,7
2014-6-26,1
2014-6-28,1
2014-6-29,2
2014-6-3,3
2014-6-30,2
2014-6-4,4
2014-6-5,2
2014-6-6,4
2014-6-7,6
2014-6-8,1
2014-7-1,2
2014-7-10,1
2014-7-11,1
2014-7-12,2
2014-7-13,1
2014-7-15,1
2014-7-16,3
2014-7-17,1
2014-7-18,2
2014-7-2,2
2014-7-20,1
2014-7-22,3
2014-7-23,1
2014-7-24,1
2014-7-25,7
2014-7-26,6
2014-7-27,4
2014-7-28,2
2014-7-29,4
2014-7-3,2
2014-7-30,2
2014-7-31,3
2014-7-4,1
2014-7-5,1
2014-7-6,4
2014-7-7,2
2014-7-8,4
2014-7-9,2
2014-8-1,2
2014-8-10,4
2014-8-11,2
2014-8-12,9
2014-8-13,4
2014-8-14,2
2014-8-15,1
2014-8-16,6
2014-8-17,3
2014-8-18,1
2014-8-19,4
2014-8-2,3
2014-8-20,2
2014-8-21,1
2014-8-22,4
2014-8-23,2
2014-8-24,1
2014-8-25,1
2014-8-27,4
2014-8-28,3
2014-8-29,4
2014-8-3,3
2014-8-30,2
2014-8-31,2
2014-8-4,1
2014-8-5,3
2014-8-6,2
2014-8-7,2
2014-8-9,1
2014-9-11,1
2014-9-12,3
2014-9-13,3
2014-9-14,1
2014-9-15,3
2014-9-16,1
2014-9-17,3
2014-9-18,1
2014-9-19,5
2014-9-2,2
2014-9-21,1
2014-9-22,1
2014-9-23,2
2014-9-25,1
2014-9-26,3
2014-9-27,4
2014-9-29,1
2014-9-3,2
2014-9-4,3
2014-9-6,1
2014-9-7,1
2014-9-8,1
2014-9-9,2
2015-1-1,3
2015-1-10,3
2015-1-11,3
2015-1-12,3
2015-1-13,1
2015-1-14,3
2015-1-15,3
2015-1-17,1
2015-1-18,3
2015-1-19,2
2015-1-2,1
2015-1-20,5
2015-1-21,4
2015-1-22,6
2015-1-23,7
2015-1-24,4
2015-1-25,6
2015-1-26,13
2015-1-28,1
2015-1-29,2
2015-1-3,1
2015-1-30,3
2015-1-31,2
2015-1-4,1
2015-1-6,2
2015-1-9,2
2015-10-1,2
2015-10-10,1
2015-10-11,2
2015-10-12,3
2015-10-13,5
2015-10-14,2
2015-10-15,8
2015-10-16,7
2015-10-17,4
2015-10-18,1
2015-10-19,3
2015-10-2,2
2015-10-20,3
2015-10-21,1
2015-10-22,3
2015-10-23,3
2015-10-24,4
2015-10-25,6
2015-10-26,2
2015-10-27,3
2015-10-28,1
2015-10-29,3
2015-10-3,13
2015-10-30,5
2015-10-31,4
2015-10-4,2
2015-10-5,2
2015-10-6,3
2015-10-7,2
2015-10-8,5
2015-10-9,1
2015-11-1,3
2015-11-10,1
2015-11-11,2
2015-11-12,1
2015-11-13,7
2015-11-14,2
2015-11-15,1
2015-11-17,4
2015-11-18,1
2015-11-19,1
2015-11-2,4
2015-11-20,6
2015-11-21,2
2015-11-22,2
2015-11-23,7
2015-11-24,5
2015-11-25,1
2015-11-26,2
2015-11-28,3
2015-11-29,2
2015-11-3,1
2015-11-30,4
2015-11-4,2
2015-11-5,1
2015-11-6,3
2015-11-7,1
2015-11-9,2
2015-12-10,1
2015-12-12,2
2015-12-13,3
2015-12-15,3
2015-12-17,3
2015-12-18,1
2015-12-19,1
2015-12-2,4
2015-12-20,2
2015-12-21,5
2015-12-22,1
2015-12-23,2
2015-12-24,2
2015-12-25,3
2015-12-26,2
2015-12-27,1
2015-12-29,3
2015-12-3,1
2015-12-30,1
2015-12-31,1
2015-12-4,2
2015-12-5,1
2015-12-6,1
2015-12-7,2
2015-12-8,4
2015-12-9,4
2015-2-1,7
2015-2-12,7
2015-2-13,2
2015-2-14,3
2015-2-16,3
2015-2-17,1
2015-2-18,3
2015-2-19,2
2015-2-2,3
2015-2-20,2
2015-2-21,2
2015-2-23,1
2015-2-24,3
2015-2-25,2
2015-2-26,1
2015-2-27,1
2015-2-28,1
2015-2-3,5
2015-2-5,5
2015-2-6,3
2015-2-7,1
2015-2-8,4
2015-2-9,1
2015-3-1,1
2015-3-10,2
2015-3-11,1
2015-3-12,3
2015-3-13,3
2015-3-14,1
2015-3-15,1
2015-3-17,1
2015-3-19,1
2015-3-2,1
2015-3-20,2
2015-3-21,3
2015-3-22,4
2015-3-24,3
2015-3-25,4
2015-3-26,3
2015-3-27,4
2015-3-28,1
2015-3-29,1
2015-3-31,4
2015-3-5,2
2015-3-7,3
2015-3-8,3
2015-3-9,1
2015-4-1,3
2015-4-10,2
2015-4-11,2
2015-4-12,3
2015-4-13,6
2015-4-14,2
2015-4-15,4
2015-4-16,1
2015-4-17,1
2015-4-18,1
2015-4-2,5
2015-4-20,3
2015-4-21,3
2015-4-22,2
2015-4-23,1
2015-4-25,4
2015-4-26,1
2015-4-27,1
2015-4-28,1
2015-4-29,2
2015-4-3,2
2015-4-4,3
2015-4-6,4
2015-4-7,1
2015-4-8,1
2015-4-9,1
2015-5-1,5
2015-5-10,3
2015-5-11,1
2015-5-12,1
2015-5-13,3
2015-5-16,1
2015-5-17,2
2015-5-18,1
2015-5-19,1
2015-5-2,1
2015-5-20,3
2015-5-21,4
2015-5-22,1
2015-5-23,1
2015-5-24,1
2015-5-25,12
2015-5-26,4
2015-5-27,5
2015-5-28,1
2015-5-29,7
2015-5-3,7
2015-5-30,9
2015-5-31,3
2015-5-4,3
2015-5-5,1
2015-5-6,2
2015-5-8,6
2015-5-9,5
2015-6-1,4
2015-6-10,5
2015-6-11,2
2015-6-12,8
2015-6-13,1
2015-6-14,1
2015-6-15,3
2015-6-16,4
2015-6-17,2
2015-6-18,3
2015-6-2,2
2015-6-20,4
2015-6-22,3
2015-6-23,2
2015-6-26,4
2015-6-27,1
2015-6-28,1
2015-6-29,1
2015-6-30,3
2015-6-4,4
2015-6-6,1
2015-6-7,2
2015-6-9,4
2015-7-1,2
2015-7-10,4
2015-7-11,1
2015-7-13,3
2015-7-14,5
2015-7-15,2
2015-7-16,4
2015-7-17,2
2015-7-19,1
2015-7-2,1
2015-7-20,1
2015-7-21,4
2015-7-22,1
2015-7-23,2
2015-7-24,9
2015-7-25,6
2015-7-26,1
2015-7-27,8
2015-7-28,1
2015-7-29,3
2015-7-3,3
2015-7-30,2
2015-7-31,3
2015-7-4,1
2015-7-7,1
2015-7-9,3
2015-8-1,3
2015-8-10,1
2015-8-11,4
2015-8-12,4
2015-8-13,10
2015-8-14,1
2015-8-15,4
2015-8-16,1
2015-8-17,3
2015-8-18,3
2015-8-2,3
2015-8-20,1
2015-8-21,2
2015-8-22,6
2015-8-24,1
2015-8-25,1
2015-8-26,3
2015-8-29,1
2015-8-3,1
2015-8-30,2
2015-8-31,12
2015-8-4,6
2015-8-5,7
2015-8-6,3
2015-8-7,3
2015-8-8,4
2015-8-9,2
2015-9-10,3
2015-9-11,1
2015-9-12,1
2015-9-14,1
2015-9-15,2
2015-9-16,2
2015-9-17,1
2015-9-18,3
2015-9-19,3
2015-9-2,4
2015-9-20,2
2015-9-21,3
2015-9-22,1
2015-9-23,3
2015-9-24,2
2015-9-25,2
2015-9-26,3
2015-9-28,4
2015-9-29,2
2015-9-3,3
2015-9-30,4
2015-9-4,2
2015-9-5,2
2015-9-7,3
2015-9-8,2
2015-9-9,4